Municipio,Departamento,Participacion,Votos_Totales,Votos_Vacios,Votos_Nulos,Porcentaje_Si,Porcentaje_No,Votos_Si,Votos_No,Capital,Preferencia,IRV,cod_depto,cod_mpio
El Encanto,Amazonas,0.3001,223,0,2,0.7692,0.2307,170,51,0,Si,0.21,91,263
La Chorrera,Amazonas,0.3553,366,1,3,0.8287,0.1712,300,62,0,Si,0.21,91,405
La Pedrera,Amazonas,0.2142,216,1,1,0.8831,0.1168,189,25,0,Si,0.06,91,407
La Victoria,Amazonas,0.2777,5,0,0,0.8,0.2,4,1,0,Si,0.13,91,430
Leticia,Amazonas,0.2598,8990,40,84,0.4966,0.5033,4403,4463,1,No,0.14,91,001
Miriti Parana,Amazonas,0.2012,96,0,0,0.927,0.0729,89,7,0,Si,0.09,91,460
Puerto Alegría,Amazonas,0.2277,59,1,1,0.9122,0.0877,52,5,0,Si,0.23,91,530
Puerto Arica,Amazonas,0.2938,119,0,0,0.8151,0.1848,97,22,0,Si,0.08,91,536
Puerto Nariño,Amazonas,0.267,1153,32,17,0.7518,0.2481,830,274,0,Si,0.07,91,540
Puerto Santander,Amazonas,0.2227,143,0,2,0.8865,0.1134,125,16,0,Si,0.22,91,669
Tarapaca,Amazonas,0.2638,344,7,4,0.7957,0.2042,265,68,0,Si,0.04,91,798
Abejorral,Antioquia,0.2387,3647,194,52,0.381,0.6189,1296,2105,0,No,0.22,05,002
Abriaqui,Antioquia,0.2951,572,14,13,0.3908,0.6091,213,332,0,No,0.08,05,004
Alejandría,Antioquia,0.379,1735,51,22,0.5812,0.4187,966,696,0,Si,0.11,05,021
Amaga,Antioquia,0.2891,6370,53,94,0.3348,0.6651,2084,4139,0,No,0.11,05,030
Amalfi,Antioquia,0.2255,3818,132,72,0.3624,0.6375,1310,2304,0,No,0.49,05,031
Andes,Antioquia,0.2609,9093,78,93,0.3578,0.6421,3193,5729,0,No,0.17,05,034
Angelopolis,Antioquia,0.2798,1589,9,23,0.3551,0.6448,553,1004,0,No,0.10,05,036
Angostura,Antioquia,0.2113,1935,57,84,0.3929,0.607,705,1089,0,No,0.32,05,038
Anori,Antioquia,0.2677,2984,227,40,0.6492,0.3507,1764,953,0,Si,0.96,05,040
Santa fe de Antioquia,Antioquia,0.2784,5495,52,102,0.3821,0.6178,2041,3300,0,No,0.14,05,042
Anza,Antioquia,0.2012,1150,31,16,0.3291,0.6708,363,740,0,No,0.32,05,044
Apartado,Antioquia,0.3134,27961,352,478,0.5232,0.4767,14195,12936,0,Si,0.21,05,045
Arboletes,Antioquia,0.2734,5866,181,57,0.6558,0.3441,3691,1937,0,Si,0.68,05,051
Argelia,Antioquia,0.3116,2065,41,23,0.3248,0.6751,650,1351,0,No,0.17,05,055
Armenia,Antioquia,0.2118,1026,23,26,0.308,0.6919,301,676,0,No,0.16,05,059
Barbosa,Antioquia,0.3484,13430,287,277,0.3264,0.6735,4200,8666,0,No,0.13,05,079
Bello,Antioquia,0.3826,121850,509,1577,0.3643,0.6356,43642,76122,0,No,0.16,05,088
Belmira,Antioquia,0.3363,1617,16,17,0.4337,0.5662,687,897,0,No,0.16,05,086
Betania,Antioquia,0.1921,1609,11,22,0.2956,0.7043,466,1110,0,No,0.18,05,091
Betulia,Antioquia,0.2259,3023,50,49,0.3437,0.6562,1005,1919,0,No,0.85,05,093
Bolivar,Antioquia,0.2345,5636,57,60,0.2978,0.7021,1644,3875,0,No,0.15,05,101
Briceño,Antioquia,0.3368,2078,62,45,0.6935,0.3064,1367,604,0,Si,0.79,05,107
Buritica,Antioquia,0.2058,1406,22,20,0.3475,0.6524,474,890,0,No,0.22,05,113
Caceres,Antioquia,0.2023,4004,57,83,0.6485,0.3514,2506,1358,0,Si,0.08,05,120
Caicedo,Antioquia,0.2626,1600,43,43,0.3916,0.6083,593,921,0,No,0.61,05,125
Caldas,Antioquia,0.4285,25961,123,397,0.3652,0.6347,9292,16149,0,No,0.20,05,129
Campamento,Antioquia,0.2037,1296,32,41,0.5061,0.4938,619,604,0,Si,0.15,05,134
Cañasgordas,Antioquia,0.3644,4884,113,121,0.4109,0.589,1911,2739,0,No,0.06,05,138
Caracoli,Antioquia,0.2469,1199,16,12,0.4935,0.5064,578,593,0,No,0.28,05,142
Caramanta,Antioquia,0.2708,1417,33,26,0.4182,0.5817,568,790,0,No,0.14,05,145
Carepa,Antioquia,0.2829,11733,159,190,0.4679,0.532,5327,6057,0,No,0.40,05,147
Carmen De Viboral,Antioquia,0.5065,16750,163,272,0.3388,0.6611,5528,10787,0,No,0.37,05,148
Carolina,Antioquia,0.2817,1150,22,23,0.4199,0.58,464,641,0,No,0.18,05,150
Caucasia,Antioquia,0.3161,20911,247,368,0.4336,0.5663,8801,11495,0,No,0.16,05,154
Chigorodo,Antioquia,0.2766,12392,138,187,0.5239,0.476,6322,5745,0,Si,0.36,05,172
Cisneros,Antioquia,0.2638,3017,33,63,0.3711,0.6288,1084,1837,0,No,0.11,05,190
Cocorna,Antioquia,0.3751,4864,130,81,0.3539,0.646,1647,3006,0,No,0.09,05,197
Concepcion,Antioquia,0.3522,1553,23,27,0.3805,0.6194,572,931,0,No,0.06,05,206
Concordia,Antioquia,0.1986,3184,55,50,0.3241,0.6758,998,2081,0,No,0.55,05,209
Copacabana,Antioquia,0.4073,25279,323,369,0.3878,0.6121,9535,15052,0,No,0.13,05,212
Dabeiba,Antioquia,0.286,4858,166,99,0.6468,0.3531,2971,1622,0,Si,0.10,05,234
Don Matias,Antioquia,0.3246,5381,41,71,0.2602,0.7397,1371,3898,0,No,0.56,05,237
Ebejico,Antioquia,0.2491,2846,59,32,0.3509,0.649,967,1788,0,No,0.13,05,240
El Bagre,Antioquia,0.2085,7520,141,156,0.4384,0.5615,3167,4056,0,No,0.12,05,250
Entrerrios,Antioquia,0.3368,2680,16,30,0.3295,0.6704,868,1766,0,No,0.06,05,264
Envigado,Antioquia,0.4611,106988,872,1061,0.3598,0.6401,37800,67255,0,No,0.10,05,266
Fredonia,Antioquia,0.2669,4858,27,64,0.3572,0.6427,1703,3064,0,No,0.10,05,282
Frontino,Antioquia,0.2405,4038,68,78,0.5519,0.448,2148,1744,0,Si,0.29,05,284
Giraldo,Antioquia,0.317,1251,11,17,0.5445,0.4554,666,557,0,Si,0.15,05,306
Girardota,Antioquia,0.3598,17135,90,277,0.363,0.6369,6088,10680,0,No,0.10,05,308
Gomez Plata,Antioquia,0.2608,2192,31,61,0.3676,0.6323,772,1328,0,No,0.09,05,310
Granada,Antioquia,0.3534,3630,75,53,0.3946,0.6053,1382,2120,0,No,0.46,05,313
Guadalupe,Antioquia,0.2454,1388,40,47,0.5488,0.4511,714,587,0,Si,0.27,05,315
Guarne,Antioquia,0.4671,14804,116,214,0.2673,0.7326,3870,10604,0,No,0.12,05,318
Guatape,Antioquia,0.4999,3261,26,37,0.3852,0.6147,1232,1966,0,No,0.09,05,321
Heliconia,Antioquia,0.2423,1492,36,29,0.4428,0.5571,632,795,0,No,0.17,05,347
Hispania,Antioquia,0.2188,1142,18,11,0.4123,0.5876,459,654,0,No,0.05,05,353
Itagui,Antioquia,0.393,96563,426,1344,0.3709,0.629,35166,59627,0,No,0.10,05,360
Ituango,Antioquia,0.2388,4157,139,116,0.6934,0.3065,2706,1196,0,Si,0.95,05,361
Jardin,Antioquia,0.3798,4594,46,44,0.3596,0.6403,1620,2884,0,No,0.09,05,364
Jerico,Antioquia,0.3059,3373,36,39,0.2901,0.7098,957,2341,0,No,0.09,05,368
La Ceja,Antioquia,0.5146,22800,171,325,0.301,0.6989,6715,15589,0,No,0.14,05,376
La Estrella,Antioquia,0.3693,18723,88,194,0.3646,0.6353,6725,11716,0,No,0.09,05,380
La Pintada,Antioquia,0.3732,2459,22,31,0.4226,0.5773,1017,1389,0,No,0.18,05,390
La Union,Antioquia,0.4642,7529,60,136,0.3478,0.6521,2551,4782,0,No,0.20,05,400
Liborina,Antioquia,0.2936,2703,56,40,0.3578,0.6421,933,1674,0,No,0.14,05,411
Maceo,Antioquia,0.2543,1899,31,26,0.4218,0.5781,777,1065,0,No,0.24,05,425
Marinilla,Antioquia,0.4653,17767,103,190,0.3136,0.6863,5481,11993,0,No,0.15,05,440
Medellin,Antioquia,0.4606,694784,3309,6754,0.3702,0.6297,253548,431173,1,No,0.19,05,001
Montebello,Antioquia,0.3023,1827,63,35,0.5511,0.4488,953,776,0,Si,0.18,05,467
Murindo,Antioquia,0.4221,1150,19,14,0.9606,0.0393,1073,44,0,Si,0.24,05,475
Mutata,Antioquia,0.2223,3030,119,49,0.645,0.3549,1846,1016,0,Si,0.54,05,480
Nariño,Antioquia,0.2787,2513,70,31,0.3258,0.6741,786,1626,0,No,0.42,05,483
Nechi,Antioquia,0.2108,3834,41,57,0.5184,0.4815,1937,1799,0,Si,0.49,05,495
Necocli,Antioquia,0.23,7475,101,155,0.6038,0.3961,4359,2860,0,Si,0.24,05,490
Olaya,Antioquia,0.2721,740,11,7,0.3781,0.6218,273,449,0,No,0.24,05,501
Peñol,Antioquia,0.3425,5415,63,55,0.3836,0.6163,2032,3265,0,No,0.12,05,541
Peque,Antioquia,0.3828,2331,48,43,0.7285,0.2714,1632,608,0,Si,0.28,05,543
Pueblorrico,Antioquia,0.2512,1787,32,24,0.3425,0.6574,593,1138,0,No,0.07,05,576
Puerto Berrio,Antioquia,0.2648,9028,86,116,0.3149,0.685,2780,6046,0,No,0.34,05,579
Puerto Nare-La Magdalena,Antioquia,0.3256,3974,38,55,0.5877,0.4122,2281,1600,0,Si,0.18,05,585
Puerto Triunfo,Antioquia,0.3005,3902,30,42,0.2629,0.737,1007,2823,0,No,0.19,05,591
Remedios,Antioquia,0.2102,3579,38,126,0.3472,0.6527,1186,2229,0,No,0.49,05,604
Retiro,Antioquia,0.4603,6951,45,58,0.3132,0.6867,2145,4703,0,No,0.08,05,607
Rionegro,Antioquia,0.504,47791,197,637,0.3058,0.6941,14361,32596,0,No,0.13,05,615
Sabanalarga,Antioquia,0.3352,2364,44,41,0.3413,0.6586,778,1501,0,No,0.34,05,628
Sabaneta,Antioquia,0.4559,27182,39,285,0.3706,0.6293,9955,16903,0,No,0.04,05,631
Salgar,Antioquia,0.1834,2474,47,24,0.3254,0.6745,782,1621,0,No,0.25,05,642
San Andres,Antioquia,0.3281,1701,66,65,0.4496,0.5503,706,864,0,No,0.59,05,647
San Carlos,Antioquia,0.3759,5242,60,95,0.4698,0.5301,2390,2697,0,No,0.55,05,649
San Francisco,Antioquia,0.2666,1637,50,26,0.4228,0.5771,660,901,0,No,0.67,05,652
San Jeronimo,Antioquia,0.2917,3475,39,41,0.3711,0.6288,1260,2135,0,No,0.19,05,656
San Jose De La Montaña,Antioquia,0.3261,1032,25,23,0.3689,0.631,363,621,0,No,0.19,05,658
San Juan De Uraba,Antioquia,0.2362,4118,43,33,0.6622,0.3377,2677,1365,0,Si,0.21,05,659
San Luis,Antioquia,0.339,3644,37,36,0.2492,0.7507,890,2681,0,No,0.49,05,660
San Pedro,Antioquia,0.3875,7331,50,106,0.2565,0.7434,1841,5334,0,No,0.13,05,664
San Pedro De Uraba,Antioquia,0.1642,4146,42,62,0.5096,0.4903,2060,1982,0,Si,0.23,05,665
San Rafael,Antioquia,0.3341,4061,51,258,0.3883,0.6116,1457,2295,0,No,0.29,05,667
San Roque,Antioquia,0.3063,4466,53,79,0.412,0.5879,1786,2548,0,No,0.23,05,670
San Vicente,Antioquia,0.3664,6027,67,80,0.2793,0.7207,1642,4238,0,No,0.15,05,674
Santa Barbara,Antioquia,0.2746,6063,67,107,0.3567,0.6432,2101,3788,0,No,0.15,05,679
Santa Rosa De Osos,Antioquia,0.3982,10280,90,279,0.301,0.6989,2984,6927,0,No,0.21,05,686
Santo Domingo,Antioquia,0.3191,2929,56,107,0.3922,0.6077,1085,1681,0,No,0.24,05,690
Santuario,Antioquia,0.4814,12621,122,150,0.2695,0.7304,3329,9020,0,No,0.20,05,697
Segovia,Antioquia,0.1789,4684,27,68,0.3303,0.6696,1516,3073,0,No,0.51,05,736
Sonson,Antioquia,0.3416,9293,158,266,0.2614,0.7385,2319,6550,0,No,0.33,05,756
Sopetran,Antioquia,0.353,4259,58,60,0.4527,0.5472,1875,2266,0,No,0.17,05,761
Tamesis,Antioquia,0.3163,4579,59,52,0.3534,0.6465,1579,2889,0,No,0.12,05,789
Taraza,Antioquia,0.2286,5988,90,110,0.6007,0.3992,3477,2311,0,Si,0.91,05,790
Tarso,Antioquia,0.209,1230,22,14,0.4212,0.5787,503,691,0,No,0.06,05,792
Titiribi,Antioquia,0.2498,2180,37,39,0.3526,0.6473,742,1362,0,No,0.03,05,809
Toledo,Antioquia,0.326,1429,61,63,0.6114,0.3885,798,507,0,Si,0.49,05,819
Turbo,Antioquia,0.2464,20913,277,371,0.5614,0.4385,11378,8887,0,Si,0.38,05,837
Uramita,Antioquia,0.2873,1825,24,37,0.5391,0.4608,951,813,0,Si,0.35,05,842
Urrao,Antioquia,0.2622,5864,123,138,0.4718,0.5281,2644,2959,0,No,0.33,05,847
Valdivia,Antioquia,0.1875,2261,63,57,0.5007,0.4992,1072,1069,0,Si,0.87,05,854
Valparaiso,Antioquia,0.2707,1534,22,22,0.4006,0.5993,597,893,0,No,0.14,05,856
Vegachi,Antioquia,0.1807,1837,44,22,0.284,0.7159,503,1268,0,No,0.38,05,858
Venecia,Antioquia,0.2656,2916,26,26,0.383,0.6169,1097,1767,0,No,0.11,05,861
Vigia Del Fuerte,Antioquia,0.4169,2187,9,13,0.9602,0.0397,2079,86,0,Si,0.47,05,873
Yali,Antioquia,0.1931,1160,25,6,0.387,0.6129,437,692,0,No,0.30,05,885
Yarumal,Antioquia,0.2865,9483,264,187,0.3256,0.6743,2941,6091,0,No,0.43,05,887
Yolombo,Antioquia,0.2211,3512,56,57,0.3954,0.6045,1344,2055,0,No,0.21,05,890
Yondo-Casabe,Antioquia,0.4413,5376,62,128,0.4581,0.5418,2376,2810,0,No,0.49,05,893
Zaragoza,Antioquia,0.1871,3545,59,88,0.492,0.5079,1672,1726,0,No,0.61,05,895
Arauca,Arauca,0.3523,23936,139,447,0.3494,0.6505,8159,15191,1,No,0.39,81,001
Arauquita,Arauca,0.3707,10113,150,234,0.7647,0.2352,7440,2289,0,Si,0.91,81,065
Cravo Norte,Arauca,0.3094,1103,11,38,0.4022,0.5977,424,630,0,No,0.28,81,220
Fortul,Arauca,0.3341,3646,58,187,0.6874,0.3125,2338,1063,0,Si,0.56,81,300
Puerto Rondon,Arauca,0.3109,1131,18,19,0.3912,0.6087,428,666,0,No,0.60,81,591
Saravena,Arauca,0.3183,10091,131,335,0.463,0.5369,4457,5168,0,No,0.61,81,736
Tame,Arauca,0.3501,11068,131,263,0.5065,0.4934,5407,5267,0,Si,0.88,81,794
Baranoa,Atlantico,0.2738,12549,139,58,0.7234,0.2765,8936,3416,0,Si,0.07,08,078
Barranquilla,Atlantico,0.249,256375,1047,111,0.5744,0.4255,146039,108178,1,Si,0.12,08,001
Campo De La Cruz,Atlantico,0.1456,2812,13,14,0.6204,0.3795,1728,1057,0,Si,0.08,08,137
Candelaria,Atlantico,0.2686,3034,25,25,0.6963,0.3036,2078,906,0,Si,0.07,08,141
Galapa,Atlantico,0.2445,8464,28,74,0.6201,0.3798,5186,3176,0,Si,0.13,08,296
Juan De Acosta,Atlantico,0.2037,3500,10,19,0.6882,0.3117,2389,1082,0,Si,0.07,08,372
Luruaco,Atlantico,0.1544,3564,28,25,0.6451,0.3548,2265,1246,0,Si,0.09,08,421
Malambo,Atlantico,0.2115,15857,45,94,0.5605,0.4394,8810,6908,0,Si,0.12,08,433
Manati,Atlantico,0.1487,1995,8,10,0.8396,0.1603,1660,317,0,Si,0.04,08,436
Palmar De Varela,Atlantico,0.2172,4265,255,22,0.7199,0.28,2871,1117,0,Si,0.04,08,520
Piojo,Atlantico,0.2841,1537,13,15,0.7408,0.2591,1118,391,0,Si,0.07,08,549
Polonuevo,Atlantico,0.2806,3437,23,29,0.8112,0.1887,2746,639,0,Si,0.06,08,558
Ponedera,Atlantico,0.2199,3909,23,20,0.6324,0.3675,2445,1421,0,Si,0.09,08,560
Puerto Colombia,Atlantico,0.2963,9330,26,38,0.6152,0.3847,5701,3565,0,Si,0.08,08,573
Repelon,Atlantico,0.2286,4213,35,24,0.8004,0.1995,3325,829,0,Si,0.07,08,606
Sabanagrande,Atlantico,0.2252,5132,17,29,0.6392,0.3607,3251,1835,0,Si,0.09,08,634
Sabanalarga,Atlantico,0.2785,18077,421,142,0.7337,0.2662,12851,4663,0,Si,0.10,08,638
Santa Lucia,Atlantico,0.1983,1969,3,18,0.753,0.2469,1467,481,0,Si,0.04,08,675
Santo Tomas,Atlantico,0.222,5743,16,24,0.7169,0.283,4088,1614,0,Si,0.09,08,685
Soledad,Atlantico,0.2186,57785,226,307,0.5897,0.4102,33765,23487,0,Si,0.10,08,758
Suan,Atlantico,0.2541,2428,3,3,0.7584,0.2415,1837,585,0,Si,0.07,08,770
Tubara,Atlantico,0.2973,2819,17,16,0.6776,0.3223,1888,898,0,Si,0.10,08,832
Usiacuri,Atlantico,0.2927,2195,14,15,0.7742,0.2257,1677,489,0,Si,0.07,08,849
Bogota D.C.,Bogota D.C.,0.4633,2570359,6601,25213,0.5607,0.4392,1423612,1114933,1,Si,0.09,11,001
Achi,Bolivar,0.4018,6329,61,87,0.6968,0.3031,4307,1874,0,Si,0.12,13,006
Altos Del Rosario,Bolivar,0.2135,1424,22,15,0.5666,0.4333,786,601,0,Si,0.14,13,030
Arenal,Bolivar,0.3466,1950,8,23,0.8806,0.1193,1690,229,0,Si,0.24,13,042
Arjona,Bolivar,0.1915,9785,50,63,0.6234,0.3765,6030,3642,0,Si,0.13,13,052
Arroyo Hondo,Bolivar,0.2059,1516,28,7,0.7548,0.2451,1118,363,0,Si,0.05,13,062
Barranco De Loba,Bolivar,0.2556,2830,59,22,0.5239,0.467,1465,1284,0,Si,0.23,13,074
Calamar,Bolivar,0.2102,3715,48,37,0.5895,0.4104,2140,1490,0,Si,0.13,13,140
Cantagallo,Bolivar,0.4395,2671,17,44,0.7195,0.2804,1878,732,0,Si,0.58,13,160
Cartagena,Bolivar,0.2012,147441,688,518,0.5573,0.4426,81500,64735,1,Si,0.11,13,001
Cicuco,Bolivar,0.3197,2988,29,21,0.7086,0.2913,2082,856,0,Si,0.07,13,188
Clemencia,Bolivar,0.1719,1772,19,17,0.6601,0.3398,1146,590,0,Si,0.14,13,222
Cordoba,Bolivar,0.3617,4722,66,43,0.783,0.2169,3612,1001,0,Si,0.20,13,212
El Carmen De Bolivar,Bolivar,0.298,15922,129,216,0.532,0.4679,8287,7290,0,Si,0.31,13,244
El Guamo,Bolivar,0.2769,2017,23,11,0.7957,0.2042,1578,405,0,Si,0.14,13,248
El Peñon,Bolivar,0.2609,1519,19,15,0.6134,0.3865,911,574,0,Si,0.13,13,268
Hatillo De Loba,Bolivar,0.2688,2648,16,25,0.507,0.4929,1322,1285,0,Si,0.07,13,300
Magangue,Bolivar,0.2876,26911,206,261,0.6231,0.3768,16478,9966,0,Si,0.14,13,430
Mahates,Bolivar,0.2121,4121,48,32,0.6975,0.3024,2819,1222,0,Si,0.09,13,433
Margarita,Bolivar,0.2638,2326,33,13,0.5969,0.403,1361,919,0,Si,0.03,13,440
Maria La Baja,Bolivar,0.2365,8940,97,73,0.7992,0.2007,7009,1761,0,Si,0.22,13,442
Mompos,Bolivar,0.2393,8361,59,68,0.6312,0.3687,5198,3036,0,Si,0.11,13,468
Montecristo,Bolivar,0.2511,2099,35,17,0.807,0.1929,1652,395,0,Si,0.52,13,458
Morales,Bolivar,0.3887,4215,34,39,0.4674,0.5235,1936,2206,0,No,0.34,13,473
Norosi,Bolivar,0.3161,1169,9,14,0.8455,0.1544,969,177,0,Si,0,13,490
Pinillos,Bolivar,0.3053,4948,49,41,0.6119,0.388,2973,1885,0,Si,0.10,13,549
Regidor,Bolivar,0.3199,1437,4,18,0.7717,0.2282,1092,323,0,Si,0.10,13,580
Rioviejo,Bolivar,0.3705,2177,20,30,0.6995,0.3004,1488,639,0,Si,0.18,13,600
San Cristobal,Bolivar,0.2929,1893,6,8,0.8674,0.1325,1630,249,0,Si,0.05,13,620
San Estanislao,Bolivar,0.2002,2804,16,19,0.6861,0.3138,1900,869,0,Si,0.07,13,647
San Fernando,Bolivar,0.3035,2409,17,15,0.8199,0.18,1949,428,0,Si,0.04,13,650
San Jacinto,Bolivar,0.314,6348,73,62,0.6013,0.3986,3736,2477,0,Si,0.24,13,654
San Jacinto Del Cauca,Bolivar,0.2994,2039,20,18,0.6941,0.3058,1389,612,0,Si,0.14,13,655
San Juan Nepomuceno,Bolivar,0.2858,8618,86,111,0.6096,0.3903,5134,3287,0,Si,0.21,13,657
San Martin De Loba,Bolivar,0.2649,2841,20,22,0.6941,0.3058,1943,856,0,Si,0.19,13,667
San Pablo,Bolivar,0.3447,5958,122,94,0.4879,0.512,2802,2940,0,No,0.61,13,670
Santa Catalina,Bolivar,0.2116,2448,17,119,0.7608,0.2391,1759,553,0,Si,0.10,13,673
Santa Rosa,Bolivar,0.1345,1771,9,24,0.6495,0.3504,1129,609,0,Si,0.37,13,683
Santa Rosa Del Sur,Bolivar,0.378,7238,57,112,0.3745,0.6254,2648,4421,0,No,0.53,13,688
Simiti,Bolivar,0.3055,3652,43,73,0.4957,0.5042,1753,1783,0,No,0.47,13,744
Soplaviento,Bolivar,0.2806,2242,10,20,0.8535,0.1464,1888,324,0,Si,0.02,13,760
Talaigua Nuevo,Bolivar,0.3349,2968,37,16,0.6415,0.3584,1870,1045,0,Si,0.05,13,780
Tiquisio (Pto. Rico),Bolivar,0.2473,3108,34,22,0.5524,0.4475,1686,1366,0,Si,0.33,13,810
Turbaco,Bolivar,0.1692,9954,29,41,0.5996,0.4003,5927,3957,0,Si,0.12,13,836
Turbana,Bolivar,0.1846,2543,17,17,0.6887,0.3112,1728,781,0,Si,0.12,13,838
Villanueva,Bolivar,0.1314,1974,16,14,0.6075,0.3924,1181,763,0,Si,0.14,13,873
Zambrano,Bolivar,0.4286,3727,34,46,0.8609,0.139,3140,507,0,Si,0.25,13,894
Almeida,Boyaca,0.3632,693,7,11,0.5155,0.4844,348,327,0,Si,0.02,15,022
Aquitania (Puebloviejo),Boyaca,0.3481,4299,41,65,0.288,0.7119,1208,2985,0,No,0.07,15,047
Arcabuco,Boyaca,0.3759,1718,9,54,0.467,0.5329,773,882,0,No,0.04,15,051
Belen,Boyaca,0.3855,2602,27,81,0.4611,0.5388,1150,1344,0,No,0.01,15,087
Berbeo,Boyaca,0.4013,588,5,15,0.6813,0.3186,387,181,0,Si,0.04,15,090
Beteitiva,Boyaca,0.3577,685,7,19,0.6176,0.3823,407,252,0,Si,0.02,15,092
Boavita,Boyaca,0.3614,1866,26,40,0.4433,0.5566,798,1002,0,No,0.00,15,097
Boyaca,Boyaca,0.2554,1073,16,24,0.5818,0.4181,601,432,0,Si,0.03,15,104
Briceño,Boyaca,0.3679,772,12,7,0.6254,0.3745,471,282,0,Si,0.03,15,106
Buenavista,Boyaca,0.3192,1460,25,29,0.4381,0.5618,616,790,0,No,0.04,15,109
Busbanza,Boyaca,0.4659,370,6,7,0.4873,0.5126,174,183,0,No,0.00,15,114
Caldas,Boyaca,0.3474,1139,11,24,0.5896,0.4103,651,453,0,Si,0.03,15,131
Campohermoso,Boyaca,0.3895,977,15,23,0.5399,0.46,507,432,0,Si,0.06,15,135
Cerinza,Boyaca,0.4675,1628,18,54,0.6176,0.3823,961,595,0,Si,0.00,15,162
Chinavita,Boyaca,0.3008,942,7,17,0.4586,0.5413,421,497,0,No,0.02,15,172
Chiquinquira,Boyaca,0.4186,17119,87,303,0.4847,0.5152,8110,8619,0,No,0.06,15,176
Chiquiza,Boyaca,0.2106,912,18,27,0.6193,0.3806,537,330,0,Si,0.04,15,232
Chiscas,Boyaca,0.3992,1405,35,40,0.5052,0.4947,672,658,0,Si,0.04,15,180
Chita,Boyaca,0.3662,2319,89,75,0.3995,0.6004,861,1294,0,No,0.11,15,183
Chitaraque,Boyaca,0.3037,1654,29,19,0.4009,0.599,644,962,0,No,0.04,15,185
Chivata,Boyaca,0.3658,930,7,7,0.5207,0.4792,477,439,0,Si,0.04,15,187
Chivor,Boyaca,0.3708,656,10,8,0.4075,0.5924,260,378,0,No,0.12,15,236
Cienega,Boyaca,0.3184,1233,19,16,0.4532,0.5467,543,655,0,No,0.01,15,189
Combita,Boyaca,0.4255,3653,34,86,0.589,0.4109,2081,1452,0,Si,0.00,15,204
Coper,Boyaca,0.4063,1332,13,19,0.5992,0.4007,779,521,0,Si,0.02,15,212
Corrales,Boyaca,0.4286,955,14,22,0.4439,0.556,408,511,0,No,0.02,15,215
Covarachia,Boyaca,0.3447,1080,44,16,0.3862,0.6137,394,626,0,No,0.05,15,218
Cubara,Boyaca,0.2678,1469,23,68,0.5667,0.4332,781,597,0,Si,0.25,15,223
Cucaita,Boyaca,0.3967,1264,8,30,0.557,0.4429,683,543,0,Si,0.03,15,224
Cuitiva,Boyaca,0.3527,653,2,19,0.4256,0.5743,269,363,0,No,0.00,15,226
Duitama,Boyaca,0.4944,41211,119,770,0.4844,0.5155,19535,20787,0,No,0.07,15,238
El Cocuy,Boyaca,0.3449,1282,30,48,0.3106,0.6893,374,830,0,No,0.03,15,244
El Espino,Boyaca,0.4332,997,11,20,0.3509,0.649,339,627,0,No,0.01,15,248
Firavitoba,Boyaca,0.3748,2129,17,37,0.6346,0.3653,1317,758,0,Si,0.00,15,272
Floresta,Boyaca,0.4398,1354,8,20,0.3974,0.6025,527,799,0,No,0.00,15,276
Gachantiva,Boyaca,0.4443,1342,19,24,0.478,0.5219,621,678,0,No,0.01,15,293
Gameza,Boyaca,0.3676,1491,22,23,0.4294,0.5705,621,825,0,No,0.01,15,296
Garagoa,Boyaca,0.4368,5174,36,119,0.5048,0.4951,2534,2485,0,Si,0.03,15,299
Guacamayas,Boyaca,0.381,631,11,19,0.2029,0.797,122,479,0,No,0.00,15,317
Guateque,Boyaca,0.382,3421,24,80,0.5179,0.482,1718,1599,0,Si,0.02,15,322
Guayata,Boyaca,0.3975,1530,14,22,0.5763,0.4236,861,633,0,Si,0.00,15,325
Guican,Boyaca,0.3969,1204,14,42,0.4843,0.5156,556,592,0,No,0.06,15,332
Iza,Boyaca,0.3853,857,12,13,0.4411,0.5588,367,465,0,No,0.01,15,362
Jenesano,Boyaca,0.3061,1673,25,33,0.6383,0.3616,1031,584,0,Si,0.01,15,367
Jerico,Boyaca,0.3026,974,22,23,0.3864,0.6135,359,570,0,No,0.05,15,368
La Capilla,Boyaca,0.4161,1072,26,28,0.5157,0.4842,525,493,0,Si,0.00,15,380
La Uvita,Boyaca,0.3677,933,16,19,0.3195,0.6804,287,611,0,No,0.02,15,403
La Victoria,Boyaca,0.3787,573,11,9,0.754,0.2459,417,136,0,Si,0.03,15,401
Labranzagrande,Boyaca,0.3684,1003,13,17,0.4563,0.5436,444,529,0,No,0.24,15,377
Macanal,Boyaca,0.3427,1235,19,24,0.3892,0.6107,464,728,0,No,0.03,15,425
Maripi,Boyaca,0.2983,1871,16,25,0.7491,0.2508,1371,459,0,Si,0.07,15,442
Miraflores,Boyaca,0.4873,3688,44,81,0.6539,0.346,2330,1233,0,Si,0.07,15,455
Mongua,Boyaca,0.4211,1686,6,25,0.2398,0.7601,397,1258,0,No,0.05,15,464
Mongui,Boyaca,0.3936,1434,5,29,0.3785,0.6214,530,870,0,No,0.01,15,466
Moniquira,Boyaca,0.3719,6492,57,162,0.5192,0.4807,3257,3016,0,Si,0.07,15,469
Motavita,Boyaca,0.3738,1846,14,41,0.5332,0.4667,955,836,0,Si,0.02,15,476
Muzo,Boyaca,0.3363,2420,37,55,0.3685,0.6314,858,1470,0,No,0.08,15,480
Nobsa,Boyaca,0.4972,5741,11,86,0.5023,0.4976,2835,2809,0,Si,0.02,15,491
Nuevo Colon,Boyaca,0.3893,1794,17,46,0.6395,0.3604,1107,624,0,Si,0.02,15,494
Oicata,Boyaca,0.4744,1135,8,30,0.5515,0.4484,605,492,0,Si,0.03,15,500
Otanche,Boyaca,0.3698,2369,23,28,0.4404,0.5595,1021,1297,0,No,0.13,15,507
Pachavita,Boyaca,0.3893,779,20,15,0.4973,0.5026,370,374,0,No,0.01,15,511
Paez,Boyaca,0.5252,1228,14,43,0.4765,0.5234,558,613,0,No,0.07,15,514
Paipa,Boyaca,0.4609,11312,59,200,0.5597,0.4402,6187,4866,0,Si,0.03,15,516
Pajarito,Boyaca,0.3794,650,8,9,0.3696,0.6303,234,399,0,No,0.34,15,518
Panqueba,Boyaca,0.4043,649,14,15,0.4596,0.5403,285,335,0,No,0.00,15,522
Pauna,Boyaca,0.3577,2401,37,41,0.6547,0.3452,1521,802,0,Si,0.08,15,531
Paya,Boyaca,0.5241,737,8,26,0.4551,0.5448,320,383,0,No,0.23,15,533
Paz De Rio,Boyaca,0.3981,1741,18,38,0.664,0.3359,1119,566,0,Si,0.01,15,537
Pesca,Boyaca,0.2834,1819,15,33,0.4009,0.599,710,1061,0,No,0.04,15,542
Pisba,Boyaca,0.4534,463,9,3,0.4323,0.5676,195,256,0,No,0.48,15,550
Puerto Boyaca,Boyaca,0.4072,14347,127,339,0.3076,0.6923,4270,9611,0,No,0.20,15,572
Quipama,Boyaca,0.3587,1768,33,32,0.374,0.6259,637,1066,0,No,0.06,15,580
Ramiriqui,Boyaca,0.3242,2789,22,34,0.5364,0.4635,1466,1267,0,Si,0.02,15,599
Raquira,Boyaca,0.3785,1730,20,44,0.4891,0.5108,815,851,0,No,0.03,15,600
Rondon,Boyaca,0.4069,929,17,17,0.524,0.4759,469,426,0,Si,0.00,15,621
Saboya,Boyaca,0.3834,3664,56,112,0.6424,0.3575,2246,1250,0,Si,0.03,15,632
Sachica,Boyaca,0.4066,1350,11,13,0.5294,0.4705,702,624,0,Si,0.05,15,638
Samaca,Boyaca,0.3617,4849,36,130,0.5003,0.4996,2343,2340,0,Si,0.05,15,646
San Eduardo,Boyaca,0.4859,711,10,22,0.6391,0.3608,434,245,0,Si,0.07,15,660
San Jose De Pare,Boyaca,0.3471,1838,28,20,0.5284,0.4715,946,844,0,Si,0.04,15,664
San Luis De Gaceno,Boyaca,0.3963,1779,18,22,0.3611,0.6388,628,1111,0,No,0.01,15,667
San Mateo,Boyaca,0.3154,1147,29,30,0.3382,0.6617,368,720,0,No,0.02,15,673
San Miguel De Sema,Boyaca,0.3989,1101,17,21,0.4825,0.5174,513,550,0,No,0.10,15,676
San Pablo de Borbur,Boyaca,0.3253,1890,31,29,0.3191,0.6808,584,1246,0,No,0.05,15,681
Santa Maria,Boyaca,0.3436,1137,18,30,0.3976,0.6023,433,656,0,No,0.00,15,690
Santa Rosa De Viterbo,Boyaca,0.4631,3726,28,72,0.4282,0.5717,1553,2073,0,No,0.03,15,693
Santa Sofia,Boyaca,0.3533,1084,16,21,0.6189,0.381,648,399,0,Si,0.05,15,696
Santana,Boyaca,0.3217,2198,24,34,0.5168,0.4831,1106,1034,0,Si,0.02,15,686
Sativanorte,Boyaca,0.3223,773,15,23,0.5074,0.4925,373,362,0,Si,0.00,15,720
Sativasur,Boyaca,0.3072,377,2,4,0.5309,0.469,197,174,0,Si,0.04,15,723
Siachoque,Boyaca,0.3692,2310,25,54,0.3487,0.6512,778,1453,0,No,0.01,15,740
Soata,Boyaca,0.4756,3543,37,56,0.4234,0.5765,1461,1989,0,No,0.04,15,753
Socha,Boyaca,0.3893,2395,33,64,0.4952,0.5047,1138,1160,0,No,0.11,15,757
Socota,Boyaca,0.3945,2104,39,60,0.3945,0.6054,791,1214,0,No,0.03,15,755
Sogamoso,Boyaca,0.4692,41974,148,700,0.4926,0.5073,20261,20865,0,No,0.00,15,759
Somondoco,Boyaca,0.322,895,8,14,0.6059,0.394,529,344,0,Si,0.04,15,761
Sora,Boyaca,0.5217,1319,152,22,0.5991,0.4009,686,459,0,Si,0.05,15,762
Soraca,Boyaca,0.4346,2273,20,24,0.3319,0.668,740,1489,0,No,0.02,15,764
Sotaquira,Boyaca,0.3824,2070,14,39,0.5151,0.4848,1039,978,0,Si,0.01,15,763
Susacon,Boyaca,0.4519,1166,19,36,0.6309,0.369,701,410,0,Si,0.01,15,774
Sutamarchan,Boyaca,0.4025,2119,18,38,0.5487,0.4512,1132,931,0,Si,0.00,15,776
Sutatenza,Boyaca,0.3579,1318,14,30,0.4803,0.5196,612,662,0,No,0.04,15,778
Tasco,Boyaca,0.3204,1598,7,37,0.5875,0.4124,913,641,0,Si,0.00,15,790
Tenza,Boyaca,0.4677,1663,17,26,0.6345,0.3654,1028,592,0,Si,0.00,15,798
Tibana,Boyaca,0.2868,2123,14,57,0.6393,0.3606,1312,740,0,Si,0.03,15,804
Tibasosa,Boyaca,0.4297,3615,13,75,0.5222,0.4777,1842,1685,0,Si,0.03,15,806
Tinjaca,Boyaca,0.4578,1162,5,20,0.5558,0.4441,632,505,0,Si,0.00,15,808
Tipacoque,Boyaca,0.3388,1136,30,29,0.5171,0.4828,557,520,0,Si,0.03,15,810
Toca,Boyaca,0.335,2344,29,40,0.4865,0.5134,1107,1168,0,No,0.04,15,814
Togui,Boyaca,0.2257,967,19,22,0.5572,0.4427,516,410,0,Si,0.02,15,816
Topaga,Boyaca,0.4685,1370,10,19,0.4116,0.5883,552,789,0,No,0.02,15,820
Tota,Boyaca,0.2297,943,10,25,0.3502,0.6497,318,590,0,No,0.05,15,822
Tunja,Boyaca,0.5064,59038,143,1003,0.5662,0.4337,32780,25112,1,Si,0.03,15,001
Tunungua,Boyaca,0.4984,655,4,9,0.718,0.2819,461,181,0,Si,0.00,15,832
Turmeque,Boyaca,0.3131,1786,16,41,0.6714,0.3285,1161,568,0,Si,0.02,15,835
Tuta,Boyaca,0.4314,3113,23,57,0.5064,0.4935,23,57,0,Si,0.02,15,837
Tutaza,Boyaca,0.5154,949,16,29,0.5442,0.4557,492,412,0,Si,0.02,15,839
Umbita,Boyaca,0.3922,2281,30,47,0.4446,0.5553,980,1224,0,No,0.07,15,842
Ventaquemada,Boyaca,0.3073,3354,18,81,0.4811,0.5188,1566,1689,0,No,0.03,15,861
Villa De Leiva,Boyaca,0.4795,4877,25,66,0.5179,0.482,2479,2307,0,Si,0.02,15,407
Viracacha,Boyaca,0.3219,822,11,16,0.4314,0.5685,343,452,0,No,0.06,15,879
Zetaquira,Boyaca,0.3639,1410,12,15,0.6579,0.342,910,473,0,Si,0.09,15,897
Aguadas,Caldas,0.3731,7035,134,174,0.2915,0.7084,1961,4766,0,No,0.14,17,013
Anserma,Caldas,0.4018,11209,153,270,0.3111,0.6888,3356,7430,0,No,0.18,17,042
Aranzazu,Caldas,0.3631,4191,86,123,0.395,0.6049,1573,2409,0,No,0.04,17,050
Belalcazar,Caldas,0.3844,3890,219,52,0.4183,0.5816,1514,2105,0,No,0.13,17,088
Chinchina,Caldas,0.3931,17205,162,315,0.3697,0.6302,6185,10543,0,No,0.08,17,174
Filadelfia,Caldas,0.3511,3281,71,62,0.4336,0.5663,1365,1783,0,No,0.09,17,272
La Dorada,Caldas,0.366,21133,122,545,0.3375,0.6624,6908,13558,0,No,0.12,17,380
La Merced,Caldas,0.3664,2067,43,50,0.4387,0.5612,866,1108,0,No,0.05,17,388
Manizales,Caldas,0.4776,154340,734,2505,0.4906,0.5093,74140,76961,1,No,0.07,17,001
Manzanares,Caldas,0.3292,5092,82,91,0.3604,0.6395,1773,3146,0,No,0.17,17,433
Marmato,Caldas,0.2501,1711,23,41,0.312,0.6879,514,1133,0,No,0.15,17,442
Marquetalia,Caldas,0.3558,4073,101,93,0.3743,0.6256,1452,2427,0,No,0.14,17,444
Marulanda,Caldas,0.3126,831,21,32,0.4974,0.5025,387,391,0,No,0.36,17,446
Neira,Caldas,0.3492,6743,101,168,0.3526,0.6473,2283,4191,0,No,0.08,17,486
Norcasia,Caldas,0.3703,2172,36,51,0.4345,0.5654,906,1179,0,No,0.25,17,495
Pacora,Caldas,0.3657,4413,62,76,0.3621,0.6378,1548,2727,0,No,0.09,17,513
Palestina,Caldas,0.3026,4465,34,51,0.4262,0.5737,1867,2513,0,No,0.10,17,524
Pensilvania,Caldas,0.3721,6228,198,191,0.3219,0.678,1880,3959,0,No,0.25,17,541
Riosucio,Caldas,0.4006,15076,205,399,0.4194,0.5805,6070,8402,0,No,0.18,17,614
Risaralda,Caldas,0.2847,3064,35,49,0.3218,0.6781,959,2021,0,No,0.09,17,616
Salamina,Caldas,0.3432,5376,173,86,0.4096,0.5903,2096,3021,0,No,0.14,17,653
Samana,Caldas,0.4133,6692,156,209,0.4447,0.5552,2814,3513,0,No,0.51,17,662
San Jose,Caldas,0.3031,1491,21,30,0.4326,0.5673,623,817,0,No,0.07,17,665
Supia,Caldas,0.3708,7883,141,349,0.3257,0.6742,2408,4985,0,No,0.12,17,777
Victoria,Caldas,0.3726,3079,44,51,0.4185,0.5814,1249,1735,0,No,0.15,17,867
Villamaria,Caldas,0.4674,17736,130,330,0.4323,0.5676,7470,9806,0,No,0.05,17,873
Viterbo,Caldas,0.4053,5204,38,56,0.2686,0.7313,1373,3737,0,No,0.11,17,877
Albania,Caqueta,0.3645,1430,121,22,0.3457,0.6542,445,842,0,No,0.41,18,029
Belen De Los Andaquies,Caqueta,0.3433,2600,36,59,0.3996,0.6003,1001,1504,0,No,0.47,18,094
Cartagena Del Chaira,Caqueta,0.262,4927,60,81,0.7375,0.2624,3530,1256,0,Si,0.76,18,150
Curillo,Caqueta,0.246,1871,35,55,0.4093,0.5906,729,1052,0,No,0.66,18,205
El Doncello,Caqueta,0.2718,4230,37,89,0.3881,0.6118,1593,2511,0,No,0.48,18,247
El Paujil,Caqueta,0.2261,2683,35,52,0.4456,0.5543,1157,1439,0,No,0.61,18,256
Florencia,Caqueta,0.3365,39004,187,421,0.3855,0.6144,14803,23593,1,No,0.37,18,001
La Montañita,Caqueta,0.2986,3136,21,23,0.7422,0.2577,2295,797,0,Si,0.89,18,410
Milan,Caqueta,0.1995,1369,9,20,0.5597,0.4402,750,590,0,Si,0.72,18,460
Morelia,Caqueta,0.3189,1143,9,16,0.3461,0.6538,387,731,0,No,0.40,18,479
Puerto Rico,Caqueta,0.2909,5470,78,104,0.4998,0.5001,2643,2645,0,No,0.70,18,592
San Jose Del Fragua,Caqueta,0.326,2894,24,55,0.3964,0.6035,1116,1699,0,No,0.69,18,610
San Vicente Del Caguan,Caqueta,0.3104,9786,87,111,0.6293,0.3706,6034,3554,0,Si,0.71,18,753
Solano,Caqueta,0.2584,2004,18,20,0.766,0.2339,1506,460,0,Si,0.63,18,756
Solita,Caqueta,0.2318,1332,18,26,0.3757,0.6242,484,804,0,No,0.54,18,785
Valparaiso,Caqueta,0.2603,1611,22,60,0.4735,0.5264,724,805,0,No,0.48,18,860
Aguazul,Casanare,0.5443,14484,96,599,0.299,0.7009,4123,9666,0,No,0.36,85,010
Chameza,Casanare,0.6241,968,9,26,0.7098,0.2901,663,271,0,Si,0.18,85,015
Hato Corozal,Casanare,0.4038,2825,40,61,0.2169,0.783,591,2133,0,No,0.27,85,125
La Salina,Casanare,0.601,458,5,11,0.8846,0.1153,391,51,0,Si,0.31,85,136
Mani,Casanare,0.4813,4850,40,86,0.3088,0.6911,1459,3265,0,No,0.17,85,139
Monterrey,Casanare,0.5189,5762,38,87,0.2907,0.7092,1639,3998,0,No,0.23,85,162
Nunchia,Casanare,0.4912,2959,41,67,0.203,0.7969,579,2272,0,No,0.23,85,225
Orocue,Casanare,0.404,3073,30,61,0.3963,0.6036,1182,1800,0,No,0.22,85,230
Paz De Ariporo,Casanare,0.4313,9932,100,210,0.2331,0.7668,2243,7379,0,No,0.22,85,250
Pore,Casanare,0.5241,3471,34,91,0.1978,0.8021,662,2684,0,No,0.20,85,263
Recetor,Casanare,0.5595,705,20,43,0.5249,0.475,337,305,0,Si,0.27,85,279
Sabanalarga,Casanare,0.5029,1387,13,30,0.5059,0.494,680,664,0,Si,0.13,85,300
Sacama,Casanare,0.4886,751,14,77,0.853,0.1469,563,97,0,Si,0.45,85,315
San Luis De Palenque,Casanare,0.4444,2616,28,52,0.216,0.7839,548,1988,0,No,0.12,85,325
Tamara,Casanare,0.4543,1965,45,42,0.2811,0.7188,528,1350,0,No,0.32,85,400
Tauramena,Casanare,0.5361,8445,60,139,0.2678,0.7321,2209,6037,0,No,0.23,85,410
Trinidad,Casanare,0.4158,3830,42,87,0.1985,0.8014,735,2966,0,No,0.17,85,430
Villanueva,Casanare,0.4243,8282,59,173,0.3012,0.6987,2425,5625,0,No,0.19,85,440
Yopal,Casanare,0.5084,52151,229,858,0.2851,0.7148,14561,36503,1,No,0.19,85,001
Almaguer,Cauca,0.2955,3698,85,169,0.8344,0.1655,2874,570,0,Si,0.24,19,022
Argelia,Cauca,0.384,6830,97,175,0.8854,0.1145,5807,751,0,Si,0.81,19,050
Balboa,Cauca,0.3434,5389,107,126,0.8582,0.1417,4425,731,0,Si,0.46,19,075
Bolivar,Cauca,0.2722,8455,163,286,0.6537,0.3462,5234,2772,0,Si,0.34,19,100
Buenos Aires,Cauca,0.4305,6698,143,188,0.7215,0.2784,4594,1773,0,Si,0.33,19,110
Cajibio,Cauca,0.3101,7230,168,138,0.7108,0.2891,4922,2002,0,Si,0.38,19,130
Caldono,Cauca,0.4335,8943,169,267,0.7984,0.2015,6792,1715,0,Si,0.49,19,137
Caloto,Cauca,0.4689,8294,70,166,0.729,0.2709,5875,2183,0,Si,0.65,19,142
Corinto,Cauca,0.4866,8489,113,187,0.6922,0.3077,5669,2520,0,Si,0.56,19,212
El Tambo,Cauca,0.3467,11938,368,359,0.5882,0.4117,6595,4616,0,Si,0.79,19,256
Florencia,Cauca,0.47,2151,37,64,0.7463,0.2536,1530,520,0,Si,0.34,19,290
Guachene,Cauca,0.4967,6090,65,202,0.7144,0.2855,4160,1663,0,Si,0,19,300
Guapi,Cauca,0.3217,6172,83,78,0.9309,0.069,5596,415,0,Si,0.55,19,318
Inza,Cauca,0.2794,4649,80,74,0.7381,0.2618,3318,1177,0,Si,0.27,19,355
Jambalo,Cauca,0.4887,3945,66,89,0.8627,0.1372,3270,520,0,Si,0.45,19,364
La Sierra,Cauca,0.3346,2955,69,63,0.6071,0.3928,1714,1109,0,Si,0.25,19,392
La Vega,Cauca,0.3477,5264,175,128,0.774,0.2259,3840,1121,0,Si,0.25,19,397
Lopez (Micay),Cauca,0.3452,4282,25,12,0.9375,0.0624,3980,265,0,Si,0.56,19,418
Mercaderes,Cauca,0.3076,4271,99,77,0.7655,0.2344,3135,960,0,Si,0.37,19,450
Miranda,Cauca,0.5128,9536,58,166,0.6371,0.3628,5933,3379,0,Si,0.47,19,455
Morales,Cauca,0.3546,6612,211,225,0.6094,0.3905,3764,2412,0,Si,0.52,19,473
Padilla,Cauca,0.4748,3149,35,104,0.7501,0.2498,2258,752,0,Si,0.17,19,513
Paez (Belalcazar),Cauca,0.3532,6887,240,154,0.7226,0.2773,4692,1801,0,Si,0.28,19,517
Patia (El Bordo),Cauca,0.3219,8223,108,112,0.7209,0.279,5770,2233,0,Si,0.52,19,532
Piamonte,Cauca,0.3089,1548,29,31,0.6693,0.3306,996,492,0,Si,0.71,19,533
Piendamo,Cauca,0.3533,9382,153,149,0.533,0.4669,4840,4240,0,Si,0.25,19,548
Popayan,Cauca,0.4249,95678,525,1229,0.5887,0.4112,55296,38628,1,Si,0.22,19,001
Puerto Tejada,Cauca,0.4081,13063,124,334,0.6729,0.327,8482,4123,0,Si,0.17,19,573
Purace (Coconuco),Cauca,0.275,2386,52,54,0.6394,0.3605,1458,822,0,Si,0.25,19,585
Rosas,Cauca,0.3676,3178,83,90,0.597,0.4029,1794,1211,0,Si,0.25,19,622
San Sebastian,Cauca,0.375,2684,93,70,0.7897,0.2102,1991,530,0,Si,0.28,19,693
Santa Rosa,Cauca,0.3098,1268,28,32,0.6514,0.3485,787,421,0,Si,0.46,19,701
Santander De Quilichao,Cauca,0.4026,29726,210,569,0.5777,0.4222,16723,12224,0,Si,0.38,19,698
Silvia,Cauca,0.3632,7980,191,193,0.7625,0.2374,5792,1804,0,Si,0.26,19,743
Sotara (Paispamba),Cauca,0.4304,3143,123,83,0.6843,0.3156,2010,927,0,Si,0.26,19,760
Suarez,Cauca,0.3883,6160,143,215,0.6704,0.3295,3890,1912,0,Si,0.61,19,780
Sucre,Cauca,0.3278,1790,37,31,0.8234,0.1765,1418,304,0,Si,0.28,19,785
Timbio,Cauca,0.3815,9414,119,191,0.5543,0.4456,5047,4057,0,Si,0.27,19,807
Timbiqui,Cauca,0.4431,6348,29,64,0.9408,0.0591,5885,370,0,Si,0.62,19,809
Toribio,Cauca,0.4932,8220,349,165,0.848,0.1519,6535,1171,0,Si,0.49,19,821
Totoro,Cauca,0.3334,3603,47,57,0.7473,0.2526,2615,884,0,Si,0.29,19,824
Villa Rica,Cauca,0.4422,5856,41,206,0.6976,0.3023,3913,1696,0,Si,0.21,19,845
Aguachica,Cesar,0.4134,27136,138,430,0.3078,0.6921,8179,18389,0,No,0.25,20,011
Agustin Codazzi,Cesar,0.29,13211,106,163,0.4837,0.5162,6261,6681,0,No,0.28,20,013
Astrea,Cesar,0.2744,3873,36,40,0.5277,0.4722,2004,1793,0,Si,0.13,20,032
Becerril,Cesar,0.32,4642,44,58,0.6063,0.3936,2753,1787,0,Si,0.22,20,045
Bosconia,Cesar,0.3317,8781,100,109,0.5808,0.4191,4979,3593,0,Si,0.13,20,060
Chimichagua,Cesar,0.2663,6286,30,95,0.54,0.4599,3327,2834,0,Si,0.20,20,175
Chiriguana,Cesar,0.3237,6698,85,97,0.5908,0.4091,3850,2666,0,Si,0.16,20,178
Curumani,Cesar,0.2994,7411,64,109,0.5921,0.4078,4286,2952,0,Si,0.28,20,228
El Copey,Cesar,0.2689,5934,35,77,0.6459,0.354,3761,2061,0,Si,0.24,20,238
El Paso,Cesar,0.3255,6462,29,68,0.6399,0.36,4073,2292,0,Si,0.15,20,250
Gamarra,Cesar,0.3352,3438,26,26,0.4751,0.5248,1609,1777,0,No,0.11,20,295
Gonzalez,Cesar,0.3198,1237,25,44,0.5205,0.4794,608,560,0,Si,0.16,20,310
La Gloria,Cesar,0.358,3742,31,54,0.5143,0.4856,1881,1776,0,Si,0.23,20,383
La Jagua De Ibirico,Cesar,0.3906,9694,58,219,0.5411,0.4588,5096,4321,0,Si,0.24,20,400
La Paz,Cesar,0.33,6198,22,65,0.5773,0.4226,3528,2583,0,Si,0.30,20,621
Manaure Balcon Del Cesar,Cesar,0.4411,3187,22,46,0.6133,0.3866,1913,1206,0,Si,0.27,20,443
Pailitas,Cesar,0.3546,5023,57,149,0.5966,0.4033,2874,1943,0,Si,0.21,20,517
Pelaya,Cesar,0.3561,4794,56,106,0.4797,0.5202,2222,2410,0,No,0.25,20,550
Pueblo Bello,Cesar,0.1549,2558,30,37,0.6848,0.3151,1706,785,0,Si,0.25,20,570
Rio De Oro,Cesar,0.3174,4535,172,63,0.3732,0.6267,1605,2695,0,No,0.15,20,614
San Alberto,Cesar,0.3696,6734,39,99,0.3784,0.6215,2496,4100,0,No,0.22,20,710
San Diego,Cesar,0.3551,5004,42,75,0.6144,0.3855,3003,1884,0,Si,0.29,20,750
San Martin,Cesar,0.3966,5698,30,111,0.348,0.6519,1934,3623,0,No,0.20,20,770
Tamalameque,Cesar,0.2833,2838,27,60,0.6757,0.3242,1859,892,0,Si,0.19,20,787
Valledupar,Cesar,0.3148,87908,379,898,0.5169,0.483,44788,41843,1,Si,0.23,20,001
Acandi,Choco,0.2522,2105,33,19,0.7637,0.2362,33,19,0,Si,0.35,27,006
Alto Baudo (Pie De Pato),Choco,0.338,3217,22,19,0.9263,0.0736,2942,234,0,Si,0.43,27,025
Atrato (Yuto),Choco,0.3252,2675,31,60,0.8049,0.195,2080,504,0,Si,0.35,27,050
Bagado,Choco,0.3006,2518,12,46,0.9203,0.0796,2264,46,0,Si,0.46,27,073
Bahia Solano (Mutis),Choco,0.3099,2350,24,20,0.8313,0.1686,1917,389,0,Si,0.24,27,075
Bajo Baudo (Pizarro),Choco,0.2979,3038,43,21,0.9216,0.0783,2741,233,0,Si,0.55,27,077
Bojaya (Bellavista),Choco,0.3037,2086,6,15,0.9578,0.0421,1978,87,0,Si,0.38,27,099
Carmen Del Darien,Choco,0.247,1368,12,8,0.9569,0.043,1290,58,0,Si,0.44,27,150
Certegui,Choco,0.4159,1709,2,87,0.7641,0.2358,1238,382,0,Si,0.24,27,160
Condoto,Choco,0.3176,3344,45,140,0.7268,0.2731,2296,863,0,Si,0.23,27,205
El Canton Del San Pablo,Choco,0.2849,1281,22,36,0.7489,0.251,916,307,0,Si,0.29,27,135
EL Carmen,Choco,0.3215,1903,25,46,0.5638,0.4361,1033,799,0,Si,0.37,27,245
El Litoral Del San Juan,Choco,0.3873,2811,156,12,0.9489,0.051,2508,135,0,Si,0.48,27,250
Istmina,Choco,0.2773,5912,88,155,0.7038,0.2961,3990,1679,0,Si,0.57,27,361
Jurado,Choco,0.244,744,13,7,0.8011,0.1988,580,144,0,Si,0.35,27,372
Lloro,Choco,0.3505,2666,40,63,0.8302,0.1697,2128,435,0,Si,0.34,27,413
Medio Atrato (Bete),Choco,0.3976,2252,6,8,0.9584,0.0415,2145,93,0,Si,0.34,27,425
Medio Baudo (Puerto Meluk),Choco,0.3648,2787,16,23,0.9319,0.068,2561,187,0,Si,0.45,27,430
Medio San Juan,Choco,0.4121,3081,36,54,0.8625,0.1374,2580,411,0,Si,0.37,27,450
Novita,Choco,0.3323,1739,30,74,0.7412,0.2587,1212,423,0,Si,0.51,27,491
Nuqui,Choco,0.285,1543,12,12,0.9321,0.0678,1416,103,0,Si,0.33,27,495
Quibdo,Choco,0.3548,28522,308,795,0.7389,0.261,20260,7159,1,Si,0.50,27,001
Rio Iro,Choco,0.349,1340,13,27,0.9115,0.0884,1185,115,0,Si,0.28,27,580
Rio Quito (Paimado),Choco,0.4218,2592,15,34,0.7727,0.2272,1965,578,0,Si,0.19,27,600
Riosucio,Choco,0.2868,3879,36,36,0.9093,0.0906,3462,345,0,Si,0.48,27,615
San Jose Del Palmar,Choco,0.2648,1101,22,47,0.7015,0.2984,724,308,0,Si,0.60,27,660
Sipi,Choco,0.3036,749,17,26,0.8753,0.1246,618,88,0,Si,0.72,27,745
Tado,Choco,0.335,4281,56,157,0.6956,0.3043,2830,1238,0,Si,0.47,27,787
Unguia,Choco,0.264,2204,26,16,0.6595,0.3404,1426,736,0,Si,0.37,27,800
Union Panamericana,Choco,0.367,1852,26,41,0.7865,0.2134,1404,381,0,Si,0.18,27,810
Ayapel,Cordoba,0.2241,7217,76,81,0.5917,0.4082,4178,2882,0,Si,0.18,23,068
Buenavista,Cordoba,0.3239,5696,46,61,0.7242,0.2757,4048,1541,0,Si,0.31,23,079
Canalete,Cordoba,0.2154,3468,31,20,0.7726,0.2273,2640,777,0,Si,0.14,23,090
Cerete,Cordoba,0.3271,23285,104,256,0.5123,0.4876,11746,11179,0,Si,0.14,23,162
Chima,Cordoba,0.3113,3970,27,27,0.7213,0.2786,2825,1091,0,Si,0.10,23,168
Chinu,Cordoba,0.3725,13226,273,174,0.5034,0.4965,6434,6345,0,Si,0.12,23,182
Cienaga De Oro,Cordoba,0.3614,15211,142,188,0.6301,0.3698,9377,5504,0,Si,0.14,23,189
Cotorra (Bongo),Cordoba,0.2939,4112,30,59,0.6552,0.3447,2636,1387,0,Si,0.13,23,300
La Apartada (Frontera),Cordoba,0.3129,3919,100,65,0.6758,0.3241,2537,1217,0,Si,0.26,23,350
Lorica,Cordoba,0.312,26378,167,266,0.6767,0.3232,17559,8386,0,Si,0.17,23,417
Los Cordobas,Cordoba,0.3528,4841,50,39,0.7775,0.2224,3695,1057,0,Si,0.13,23,419
Momil,Cordoba,0.3263,4220,25,25,0.6786,0.3213,2830,1340,0,Si,0.13,23,464
Montelibano,Cordoba,0.3411,18769,155,340,0.5817,0.4182,10631,7643,0,Si,0.17,23,466
Monteria,Cordoba,0.3079,93265,427,781,0.4802,0.5197,44207,47850,1,No,0.16,23,001
Moñitos,Cordoba,0.3,5436,51,65,0.7951,0.2048,4230,1090,0,Si,0.45,23,500
Planeta Rica,Cordoba,0.2869,15294,128,246,0.5815,0.4184,8676,6244,0,Si,0.22,23,555
Pueblo Nuevo,Cordoba,0.3198,7487,85,92,0.6678,0.3321,4882,2428,0,Si,0.17,23,570
Puerto Escondido,Cordoba,0.3042,5459,229,60,0.7736,0.2263,4000,1170,0,Si,0.17,23,574
Puerto Libertador,Cordoba,0.4026,10422,113,179,0.7592,0.2407,7691,2439,0,Si,0.69,23,580
Purisima,Cordoba,0.2909,3904,116,38,0.5258,0.4741,1972,1778,0,Si,0.11,23,586
Sahagun,Cordoba,0.3433,26824,277,284,0.6282,0.3717,16501,9762,0,Si,0.09,23,660
San Andres De Sotavento,Cordoba,0.3887,10741,148,134,0.7298,0.2701,7633,2826,0,Si,0.14,23,670
San Antero,Cordoba,0.3422,7080,35,88,0.6255,0.3744,4352,2605,0,Si,0.24,23,672
San Bernardo Del Viento,Cordoba,0.2789,7351,61,57,0.8017,0.1982,5799,1434,0,Si,0.20,23,675
San Carlos,Cordoba,0.1888,3722,25,36,0.5872,0.4127,2150,1511,0,Si,0.15,23,678
San Jose De Ure,Cordoba,0.3897,2783,26,43,0.8098,0.1901,2198,516,0,Si,0,23,682
San Pelayo,Cordoba,0.3162,11165,60,141,0.6715,0.3284,7363,3601,0,Si,0.12,23,686
Tierralta,Cordoba,0.3066,18665,323,311,0.6976,0.3023,12579,5452,0,Si,0.63,23,807
Tuchin,Cordoba,0.386,8218,281,197,0.6812,0.3187,5273,2467,0,Si,0,23,815
Valencia,Cordoba,0.2727,6851,90,91,0.6868,0.3131,4581,2089,0,Si,0.32,23,855
Agua De Dios,Cundinamarca,0.4006,3903,25,38,0.4486,0.5513,1723,2117,0,No,0.01,25,001
Alban,Cundinamarca,0.359,1820,8,33,0.3895,0.6104,693,1086,0,No,0.03,25,019
Anapoima,Cundinamarca,0.4036,4531,17,40,0.4488,0.5511,2008,2466,0,No,0.05,25,035
Anolaima,Cundinamarca,0.3775,4241,36,46,0.4082,0.5917,1698,2461,0,No,0.04,25,040
Apulo,Cundinamarca,0.394,2689,16,35,0.5015,0.4984,1323,1315,0,Si,0.04,25,599
Arbelaez,Cundinamarca,0.4423,3916,26,45,0.389,0.6109,1496,2349,0,No,0.10,25,053
Beltran,Cundinamarca,0.3326,661,9,6,0.4969,0.503,321,325,0,No,0.07,25,086
Bituima,Cundinamarca,0.3085,871,13,8,0.5341,0.4658,454,396,0,Si,0.05,25,095
Bojaca,Cundinamarca,0.5443,3208,16,76,0.3982,0.6017,1241,1875,0,No,0.06,25,099
Cabrera,Cundinamarca,0.415,1435,19,79,0.7412,0.2587,991,346,0,Si,0.32,25,120
Cachipay,Cundinamarca,0.4006,3505,22,41,0.4898,0.5101,1686,1756,0,No,0.05,25,123
Cajica,Cundinamarca,0.5237,20062,49,275,0.4567,0.5432,9016,10722,0,No,0.05,25,126
Caparrapi,Cundinamarca,0.3322,3377,57,74,0.3604,0.6395,1170,2076,0,No,0.18,25,148
Caqueza,Cundinamarca,0.3853,5525,22,109,0.3709,0.629,2001,3393,0,No,0.02,25,151
Carmen De Carupa,Cundinamarca,0.3432,2120,12,41,0.3773,0.6226,780,1287,0,No,0.01,25,154
Chaguani,Cundinamarca,0.4102,1503,23,19,0.5065,0.4934,740,721,0,Si,0.10,25,168
Chia,Cundinamarca,0.5285,43940,84,424,0.5,0.4999,21717,21715,0,Si,0.04,25,175
Chipaque,Cundinamarca,0.3938,2928,8,43,0.31,0.6899,892,1985,0,No,0.02,25,178
Choachi,Cundinamarca,0.4187,4713,28,70,0.3408,0.6591,1573,3042,0,No,0.03,25,181
Choconta,Cundinamarca,0.403,5774,45,110,0.3632,0.6367,2041,3578,0,No,0.05,25,183
Cogua,Cundinamarca,0.5234,6766,19,128,0.4054,0.5945,2684,3935,0,No,0.07,25,200
Cota,Cundinamarca,0.439,10096,25,98,0.4597,0.5402,4585,5388,0,No,0.05,25,214
Cucunuba,Cundinamarca,0.459,2161,13,49,0.3468,0.6531,728,1371,0,No,0.04,25,224
El Colegio,Cundinamarca,0.3789,7252,46,82,0.4472,0.5527,3186,3938,0,No,0.06,25,245
El Peñon,Cundinamarca,0.3162,1376,29,17,0.3917,0.6082,521,809,0,No,0.09,25,258
El Rosal,Cundinamarca,0.5752,7909,41,171,0.322,0.6779,2479,5218,0,No,0.07,25,260
Facatativa,Cundinamarca,0.5394,46982,109,1056,0.4111,0.5888,18839,26978,0,No,0.08,25,269
Fomeque,Cundinamarca,0.4202,3966,25,38,0.2884,0.7115,1126,2777,0,No,0.08,25,279
Fosca,Cundinamarca,0.3687,2022,8,11,0.2186,0.7813,438,1565,0,No,0.02,25,281
Funza,Cundinamarca,0.5127,31140,56,534,0.4387,0.5612,13403,17147,0,No,0.07,25,286
Fuquene,Cundinamarca,0.4206,1646,12,33,0.4828,0.5171,773,828,0,No,0.02,25,288
Fusagasuga,Cundinamarca,0.4326,41941,155,573,0.434,0.5659,17890,23323,0,No,0.09,25,290
Gachala,Cundinamarca,0.3045,1593,21,43,0.4813,0.5186,736,793,0,No,0.05,25,293
Gachancipa,Cundinamarca,0.5166,4691,44,113,0.3789,0.621,1718,2816,0,No,0.09,25,295
Gacheta,Cundinamarca,0.3464,3193,32,55,0.3444,0.6555,1070,2036,0,No,0.05,25,297
Gama,Cundinamarca,0.3838,1191,24,18,0.4699,0.53,540,609,0,No,0.04,25,299
Girardot,Cundinamarca,0.4103,33639,83,334,0.3687,0.6312,12251,20971,0,No,0.07,25,307
Granada,Cundinamarca,0.4033,2247,15,39,0.466,0.5339,1022,1171,0,No,0.11,25,312
Guacheta,Cundinamarca,0.4152,3566,36,103,0.4155,0.5844,1424,2003,0,No,0.03,25,317
Guaduas,Cundinamarca,0.3831,8502,79,181,0.411,0.5889,3388,4854,0,No,0.10,25,320
Guasca,Cundinamarca,0.4366,4472,21,60,0.3541,0.6258,1555,2836,0,No,0.05,25,322
Guataqui,Cundinamarca,0.3319,732,10,13,0.5669,0.433,402,307,0,Si,0.03,25,324
Guatavita,Cundinamarca,0.4319,2136,14,32,0.388,0.6119,811,1279,0,No,0.03,25,326
Guayabal De Siquima,Cundinamarca,0.4317,1557,9,28,0.4934,0.5065,750,770,0,No,0.07,25,328
Guayabetal,Cundinamarca,0.4539,2028,9,36,0.2586,0.7413,513,1470,0,No,0.09,25,335
Gutierrez,Cundinamarca,0.499,1343,5,27,0.3661,0.6338,480,831,0,No,0.13,25,339
Jerusalen,Cundinamarca,0.3288,888,16,7,0.5479,0.452,474,391,0,Si,0.06,25,368
Junin,Cundinamarca,0.3202,1769,13,39,0.4041,0.5958,694,1023,0,No,0.03,25,372
La Calera,Cundinamarca,0.4574,9292,26,114,0.5337,0.4662,4885,4267,0,Si,0.02,25,377
La Mesa,Cundinamarca,0.3752,8806,36,123,0.5037,0.4962,4356,4291,0,Si,0.06,25,386
La Palma,Cundinamarca,0.3384,2947,71,74,0.6117,0.3882,1714,1088,0,Si,0.10,25,394
La Peña,Cundinamarca,0.3714,2083,41,30,0.2554,0.7445,514,1498,0,No,0.06,25,398
La Vega,Cundinamarca,0.4431,5399,17,111,0.4568,0.5431,2408,2863,0,No,0.06,25,402
Lenguazaque,Cundinamarca,0.3784,2636,16,77,0.3975,0.6024,1011,1532,0,No,0.04,25,407
Macheta,Cundinamarca,0.2987,1825,20,35,0.4305,0.5694,762,1008,0,No,0.05,25,426
Madrid,Cundinamarca,0.5227,28695,95,641,0.3775,0.6224,10555,17404,0,No,0.08,25,430
Manta,Cundinamarca,0.4231,1739,17,34,0.5023,0.4976,848,840,0,Si,0.02,25,436
Medina,Cundinamarca,0.448,3034,39,54,0.3543,0.6456,1042,1899,0,No,0.24,25,438
Mosquera,Cundinamarca,0.5206,30102,86,448,0.4412,0.4487,13047,16521,0,No,0.08,25,473
Nariño,Cundinamarca,0.295,748,3,4,0.4763,0.5236,353,388,0,No,0.07,25,483
Nemocon,Cundinamarca,0.5006,4486,35,90,0.3675,0.6324,1603,2758,0,No,0.07,25,486
Nilo,Cundinamarca,0.4045,2531,9,18,0.5579,0.442,1397,1107,0,Si,0.05,25,488
Nimaima,Cundinamarca,0.4205,1326,12,24,0.4186,0.5813,540,750,0,No,0.07,25,489
Nocaima,Cundinamarca,0.4238,2191,13,40,0.5855,0.4144,1252,886,0,Si,0.01,25,491
Pacho,Cundinamarca,0.3855,7904,76,143,0.4848,0.5151,3726,3959,0,No,0.09,25,513
Paime,Cundinamarca,0.3284,1499,19,22,0.5253,0.4746,766,692,0,Si,0.09,25,518
Pandi,Cundinamarca,0.3423,1411,9,23,0.5373,0.4626,741,638,0,Si,0.11,25,524
Paratebueno (La Naguaya),Cundinamarca,0.4414,3066,21,69,0.4122,0.5877,1227,1749,0,No,0.23,25,530
Pasca,Cundinamarca,0.3717,2827,20,64,0.5712,0.4287,1567,1176,0,Si,0.10,25,535
Puerto Salgar,Cundinamarca,0.3398,4395,28,94,0.3325,0.6674,1421,2852,0,No,0.13,25,572
Puli,Cundinamarca,0.3284,938,11,24,0.4839,0.516,437,466,0,No,0.07,25,580
Quebradanegra,Cundinamarca,0.4131,1651,13,21,0.2968,0.7031,480,1137,0,No,0.04,25,592
Quetame,Cundinamarca,0.4349,2352,7,53,0.3232,0.6767,741,1551,0,No,0.04,25,594
Quipile,Cundinamarca,0.3414,2095,22,26,0.3639,0.636,745,1302,0,No,0.10,25,596
Ricaurte,Cundinamarca,0.3629,3795,14,17,0.4484,0.5515,1688,2076,0,No,0.09,25,612
San Antonio Del Tequendama,Cundinamarca,0.389,3360,16,33,0.5146,0.4853,1704,1607,0,Si,0.07,25,645
San Bernardo,Cundinamarca,0.3543,2765,18,52,0.4771,0.5228,1286,1409,0,No,0.12,25,649
San Cayetano,Cundinamarca,0.3158,1364,13,9,0.485,0.5149,651,691,0,No,0.03,25,653
San Francisco,Cundinamarca,0.3958,3321,10,32,0.3598,0.6401,1180,2099,0,No,0.11,25,658
San Juan De Rioseco,Cundinamarca,0.3845,3451,34,41,0.4511,0.5488,1523,1853,0,No,0.17,25,662
Sasaima,Cundinamarca,0.3863,3320,18,35,0.348,0.6519,1137,2130,0,No,0.04,25,718
Sesquile,Cundinamarca,0.4997,3880,17,109,0.3963,0.6036,1488,2266,0,No,0.04,25,736
Sibate,Cundinamarca,0.4396,10578,45,179,0.399,0.6009,4132,6222,0,No,0.06,25,740
Silvania,Cundinamarca,0.3915,6480,44,68,0.4781,0.5218,3045,3323,0,No,0.11,25,743
Simijaca,Cundinamarca,0.3911,3367,26,65,0.3598,0.6401,1179,2097,0,No,0.03,25,745
Soacha,Cundinamarca,0.4509,90969,289,1464,0.4758,0.5241,42449,46767,0,No,0.10,25,754
Sopo,Cundinamarca,0.5675,9243,27,137,0.5043,0.4956,4579,4500,0,Si,0.03,25,758
Subachoque,Cundinamarca,0.5378,6019,21,90,0.3111,0.6888,1838,4070,0,No,0.04,25,769
Suesca,Cundinamarca,0.4869,4738,24,138,0.4274,0.5725,1956,2620,0,No,0.04,25,772
Supata,Cundinamarca,0.3767,1565,19,30,0.3786,0.6212,574,942,0,No,0.02,25,777
Susa,Cundinamarca,0.4104,2094,21,76,0.5247,0.4752,1048,949,0,Si,0.04,25,779
Sutatausa,Cundinamarca,0.4311,1615,21,35,0.3611,0.6388,563,996,0,No,0.02,25,781
Tabio,Cundinamarca,0.5038,7386,20,134,0.4492,0.5507,3249,3983,0,No,0.05,25,785
Tausa,Cundinamarca,0.4729,2705,19,63,0.2809,0.719,737,1886,0,No,0.03,25,793
Tena,Cundinamarca,0.3724,2308,19,23,0.5463,0.4536,1238,1028,0,Si,0.04,25,797
Tenjo,Cundinamarca,0.4978,6984,20,93,0.4225,0.5774,2903,3968,0,No,0.07,25,799
Tibacuy,Cundinamarca,0.4069,1508,29,20,0.5332,0.4667,778,681,0,Si,0.10,25,805
Tibirita,Cundinamarca,0.3525,1064,31,9,0.6513,0.3486,667,357,0,Si,0.01,25,807
Tocaima,Cundinamarca,0.3629,2351,20,60,0.511,0.4889,2351,2249,0,Si,0.03,25,815
Tocancipa,Cundinamarca,0.4991,12199,43,320,0.4199,0.58,4971,6865,0,No,0.12,25,817
Topaipi,Cundinamarca,0.3807,1546,27,38,0.557,0.4429,825,656,0,Si,0.13,25,823
Ubala,Cundinamarca,0.3216,2727,35,69,0.4125,0.5874,1082,1541,0,No,0.15,25,839
Ubaque,Cundinamarca,0.3855,2182,25,45,0.4332,0.5667,915,1197,0,No,0.03,25,841
Ubate,Cundinamarca,0.4299,13247,66,274,0.3813,0.6186,4922,7985,0,No,0.05,25,843
Une,Cundinamarca,0.4683,2954,15,37,0.4465,0.5534,1296,1606,0,No,0.09,25,845
Utica,Cundinamarca,0.3908,1837,19,18,0.3422,0.6577,616,1184,0,No,0.15,25,851
Venecia,Cundinamarca,0.3405,1213,8,15,0.5689,0.431,677,513,0,Si,0.08,25,506
Vergara,Cundinamarca,0.3154,2317,45,41,0.5141,0.4858,1147,1084,0,Si,0.04,25,862
Viani,Cundinamarca,0.3726,1441,14,28,0.5189,0.481,726,673,0,Si,0.06,25,867
Villagomez,Cundinamarca,0.3169,607,17,17,0.3455,0.6544,198,375,0,No,0.04,25,871
Villapinzon,Cundinamarca,0.4554,5830,41,89,0.2914,0.7085,1661,4039,0,No,0.09,25,873
Villeta,Cundinamarca,0.4184,9149,49,93,0.3513,0.6486,3165,5842,0,No,0.11,25,875
Viota,Cundinamarca,0.3854,3993,22,66,0.4862,0.5137,1899,2006,0,No,0.15,25,878
Yacopi,Cundinamarca,0.2816,3227,65,51,0.4304,0.5695,1339,1772,0,No,0.17,25,885
Zipacon,Cundinamarca,0.505,2066,16,17,0.4731,0.5268,962,1071,0,No,0.02,25,898
Zipaquira,Cundinamarca,0.5225,42955,120,807,0.4841,0.5158,20348,21680,0,No,0.07,25,899
Barranco Minas,Guainia,0.1873,372,2,5,0.8164,0.1835,298,67,0,Si,0.25,94,343
Cacahual,Guainia,0.0739,25,0,1,0.7083,0.2916,17,7,0,Si,0.05,94,886
Inirida,Guainia,0.2624,5194,45,50,0.5222,0.4777,2663,2436,1,Si,0.35,94,001
La Guadalupe,Guainia,0,0,0,0,0,0,0,0,0,,0.04,94,885
Mapiripana,Guainia,0.0846,49,0,0,0.9183,0.0816,45,4,0,Si,0.23,94,663
Morichal,Guainia,0.2402,43,1,0,1,0,42,0,0,Si,0.26,94,888
Pana Pana,Guainia,0.4939,162,0,0,0.716,0.2839,116,46,0,Si,0.11,94,887
Puerto Colombia,Guainia,0.0878,106,1,0,0.5714,0.4285,60,45,0,Si,0.09,94,884
San Felipe,Guainia,0.1844,154,5,5,0.5902,0.4097,85,59,0,Si,0.05,94,883
Calamar,Guaviare,0.2803,1537,17,24,0.7212,0.2787,1079,417,0,Si,0.78,95,015
El Retorno,Guaviare,0.3909,3630,47,125,0.5922,0.4077,2048,1410,0,Si,0.64,95,025
Miraflores,Guaviare,0.2402,1013,12,11,0.8565,0.1434,848,142,0,Si,0.86,95,200
San Jose Del Guaviare,Guaviare,0.4194,15714,189,413,0.4735,0.6264,7157,7955,1,No,0.85,95,001
Acevedo,Huila,0.337,6214,45,79,0.2351,0.7648,1432,4658,0,No,0.26,41,006
Agrado,Huila,0.4084,2779,26,29,0.3212,0.6787,875,1849,0,No,0.08,41,013
Aipe,Huila,0.3699,5537,58,71,0.4606,0.5393,2491,2917,0,No,0.21,41,016
Algeciras,Huila,0.365,5234,75,92,0.5448,0.4551,2761,2306,0,Si,0.54,41,020
Altamira,Huila,0.3396,1016,5,11,0.439,0.561,439,561,0,No,0.09,41,026
Baraya,Huila,0.3855,2307,27,17,0.5329,0.467,1206,1057,0,Si,0.50,41,078
Campoalegre,Huila,0.4118,10181,63,173,0.3832,0.6167,3811,6134,0,No,0.28,41,132
Colombia,Huila,0.3616,2442,33,26,0.3994,0.6005,952,1431,0,No,0.45,41,206
Elias,Huila,0.4275,1355,14,14,0.486,0.5139,645,682,0,No,0.06,41,244
Garzon,Huila,0.366,18902,158,287,0.3443,0.6556,6356,12101,0,No,0.24,41,298
Gigante,Huila,0.3855,7184,65,188,0.3849,0.615,2668,4263,0,No,0.15,41,306
Guadalupe,Huila,0.3697,4581,35,83,0.2982,0.7017,1331,3132,0,No,0.16,41,319
Hobo,Huila,0.4151,2313,16,42,0.4456,0.5543,1005,1250,0,No,0.19,41,349
Iquira,Huila,0.4227,2901,24,40,0.3912,0.6087,1110,1727,0,No,0.26,41,357
Isnos,Huila,0.4248,7723,101,155,0.2733,0.7266,2041,5426,0,No,0.33,41,359
La Argentina,Huila,0.3012,3009,46,69,0.446,0.5539,1291,1603,0,No,0.26,41,378
La Plata,Huila,0.3458,13985,114,205,0.3274,0.6725,4475,9191,0,No,0.21,41,396
Nataga,Huila,0.3935,1770,22,20,0.3495,0.6504,604,1124,0,No,0.22,41,483
Neiva,Huila,0.4278,109294,479,1066,0.4555,0.5444,49083,58666,1,No,0.25,41,001
Oporapa,Huila,0.4306,3174,36,45,0.2738,0.7261,847,2246,0,No,0.16,41,503
Paicol,Huila,0.459,2175,22,27,0.2841,0.7158,604,1522,0,No,0.10,41,518
Palermo,Huila,0.3813,7831,37,79,0.376,0.6239,2901,4814,0,No,0.20,41,524
Palestina,Huila,0.3666,3120,34,64,0.3792,0.6207,1146,1876,0,No,0.16,41,530
Pital,Huila,0.4009,3658,22,55,0.2837,0.7162,1016,2565,0,No,0.15,41,548
Pitalito,Huila,0.348,31240,179,405,0.3477,0.6522,10660,19996,0,No,0.26,41,551
Rivera,Huila,0.4009,6495,40,90,0.4586,0.5413,2919,3446,0,No,0.19,41,615
Saladoblanco,Huila,0.3991,3447,38,53,0.4231,0.5768,1420,1936,0,No,0.23,41,660
San Agustin,Huila,0.3696,8630,93,144,0.3265,0.6734,2741,5652,0,No,0.25,41,668
Santa Maria,Huila,0.4204,3330,26,47,0.2883,0.7116,939,2318,0,No,0.18,41,676
Suaza,Huila,0.2776,3307,41,56,0.3199,0.68,1027,2183,0,No,0.18,41,770
Tarqui,Huila,0.3943,4532,31,59,0.3212,0.6787,1427,3015,0,No,0.14,41,791
Tello,Huila,0.3827,4139,37,83,0.4725,0.5274,1899,2120,0,No,0.30,41,799
Teruel,Huila,0.3987,2584,11,36,0.2908,0.7091,738,1799,0,No,0.16,41,801
Tesalia,Huila,0.4354,3431,24,60,0.2354,0.7645,788,2559,0,No,0.16,41,797
Timana,Huila,0.4006,6041,64,65,0.2437,0.7562,1441,4471,0,No,0.11,41,807
Villavieja,Huila,0.4034,2632,22,44,0.5767,0.4232,1480,1086,0,Si,0.09,41,872
Yaguara,Huila,0.4419,2983,5,39,0.3868,0.6131,1137,1802,0,No,0.06,41,885
Albania,La Guajira,0.2488,4139,87,64,0.585,0.4149,2333,1655,0,Si,0.24,44,035
Barrancas,La Guajira,0.2698,6454,13,73,0.7163,0.2836,4562,1806,0,Si,0.30,44,078
Dibulla,La Guajira,0.2302,4732,49,68,0.7163,0.2836,3306,1309,0,Si,0.46,44,090
Distraccion,La Guajira,0.3059,2522,12,31,0.6401,0.3598,1587,892,0,Si,0.18,44,098
El Molino,La Guajira,0.371,2510,9,21,0.6629,0.337,1644,836,0,Si,0.27,44,110
Fonseca,La Guajira,0.3485,9006,40,101,0.7221,0.2778,6402,2463,0,Si,0.26,44,279
Hatonuevo,La Guajira,0.3021,4240,31,59,0.6857,0.3142,2846,1304,0,Si,0.17,44,378
La Jagua Del Pilar,La Guajira,0.3115,1196,0,15,0.729,0.2709,861,320,0,Si,0.17,44,420
Maicao,La Guajira,0.1726,20773,257,187,0.5295,0.4704,10766,9563,0,Si,0.30,44,430
Manaure,La Guajira,0.062,3260,30,44,0.5549,0.445,1768,1418,0,Si,0.11,44,560
Riohacha,La Guajira,0.2534,28290,287,298,0.6357,0.3642,17613,10092,1,Si,0.27,44,001
San Juan Del Cesar,La Guajira,0.3004,9392,66,158,0.489,0.5109,4484,4684,0,No,0.25,44,650
Uribia,La Guajira,0.0338,3434,19,44,0.5081,0.4918,1713,1658,0,Si,0.11,44,847
Urumita,La Guajira,0.4032,3225,10,32,0.6415,0.3584,2042,1141,0,Si,0.27,44,855
Villanueva,La Guajira,0.333,6044,50,79,0.59,0.4099,3490,2425,0,Si,0.19,44,874
Algarrobo,Magdalena,0.2166,2041,21,28,0.7655,0.2344,1525,467,0,Si,0.25,47,030
Aracataca,Magdalena,0.0583,1550,8,25,0.6341,0.3658,962,555,0,Si,0.22,47,053
Ariguani,Magdalena,0.2593,5634,79,51,0.6164,0.3835,3393,2111,0,Si,0.17,47,058
Cerro De San Antonio,Magdalena,0.291,2443,11,23,0.9066,0.0933,2184,225,0,Si,0.08,47,161
Chivolo,Magdalena,0.276,3619,25,39,0.7952,0.2047,2827,728,0,Si,0.21,47,170
Cienaga,Magdalena,0.2181,17804,388,117,0.4988,0.5011,8629,8670,0,No,0.27,47,189
Concordia,Magdalena,0.2482,2623,15,16,0.8684,0.1315,2251,341,0,Si,0.05,47,205
El Banco,Magdalena,0.271,12568,141,152,0.5607,0.4392,6883,5392,0,Si,0.17,47,245
El Piñon,Magdalena,0.234,3089,32,22,0.8257,0.1742,2506,529,0,Si,0.09,47,258
El Reten,Magdalena,0.2276,2903,144,27,0.7071,0.2928,1932,800,0,Si,0.17,47,268
Fundacion,Magdalena,0.1769,9049,24,97,0.5168,0.4831,4609,4308,0,Si,0.23,47,288
Guamal,Magdalena,0.2128,4715,47,36,0.6452,0.3547,2989,1643,0,Si,0.10,47,318
Nueva Granada,Magdalena,0.2109,3013,20,18,0.5949,0.405,1770,1205,0,Si,0.18,47,460
Pedraza,Magdalena,0.2157,1926,20,14,0.7082,0.2917,1340,552,0,Si,0.14,47,541
Pijiño Del Carmen,Magdalena,0.3206,2505,22,24,0.6331,0.3668,1557,902,0,Si,0.08,47,545
Pivijay,Magdalena,0.2603,7378,48,84,0.8712,0.1287,6313,933,0,Si,0.20,47,551
Plato,Magdalena,0.25,9805,92,98,0.6564,0.3435,6312,3303,0,Si,0.23,47,555
Puebloviejo,Magdalena,0.1983,4022,108,37,0.5047,0.4952,1957,1920,0,Si,0.16,47,570
Remolino,Magdalena,0.2761,1943,12,15,0.8956,0.1043,1716,200,0,Si,0.11,47,605
Sabanas De San Angel,Magdalena,0.1799,1868,33,17,0.5995,0.4004,1090,728,0,Si,0.27,47,660
Salamina,Magdalena,0.1761,1313,8,10,0.5698,0.4301,738,557,0,Si,0.10,47,675
San Sebastian De Buenavista,Magdalena,0.3219,5094,32,41,0.7773,0.2226,3903,1118,0,Si,0.11,47,692
San Zenon,Magdalena,0.3561,2830,21,14,0.8221,0.1778,2298,497,0,Si,0.09,47,703
Santa Ana,Magdalena,0.2808,4278,27,37,0.546,0.4539,2301,1913,0,Si,0.11,47,707
Santa Barbara De Pinto,Magdalena,0.2702,2156,15,21,0.8193,0.1806,1737,383,0,Si,0.08,47,720
Santa Marta,Magdalena,0.2916,94188,461,767,0.5356,0.4643,49797,43163,1,Si,0.23,47,001
Sitionuevo,Magdalena,0.1415,2520,88,19,0.6833,0.3166,1649,764,0,Si,0.18,47,745
Tenerife,Magdalena,0.3021,2974,28,39,0.8493,0.1506,2469,438,0,Si,0.22,47,798
Zapayan,Magdalena,0.3421,2648,19,21,0.8125,0.1875,2119,489,0,Si,0.16,47,960
Zona Bananera (Sevilla),Magdalena,0.0843,3622,22,25,0.6453,0.3546,2307,1268,0,Si,0.20,47,980
Acacias,Meta,0.5401,30284,130,663,0.2705,0.7294,7978,21513,0,No,0.18,50,006
Barranca De Upia,Meta,0.411,1762,11,34,0.357,0.6429,613,1104,0,No,0.17,50,110
Cabuyaro,Meta,0.4252,1943,13,30,0.3778,0.6221,718,1182,0,No,0.18,50,124
Castilla La Nueva,Meta,0.5957,6274,36,149,0.2855,0.7144,1739,4350,0,No,0.14,50,150
Cubarral,Meta,0.4145,2032,15,30,0.3029,0.697,602,1385,0,No,0.40,50,223
Cumaral,Meta,0.497,7701,31,115,0.325,0.6749,2456,5099,0,No,0.18,50,226
El Calvario,Meta,0.4018,686,11,11,0.5331,0.4668,354,310,0,Si,0.10,50,245
El Castillo,Meta,0.3881,2086,31,34,0.617,0.3829,1247,774,0,Si,0.54,50,251
El Dorado,Meta,0.4906,1371,11,13,0.4231,0.5768,570,777,0,No,0.30,50,270
Fuente De Oro,Meta,0.404,3815,31,75,0.4195,0.5804,1556,2153,0,No,0.21,50,287
Granada,Meta,0.4105,19968,125,421,0.3607,0.6392,7007,12415,0,No,0.33,50,313
Guamal,Meta,0.5273,5471,15,62,0.2439,0.756,1316,4078,0,No,0.20,50,318
La Macarena,Meta,0.3934,3108,19,51,0.7366,0.2633,2238,800,0,Si,0.66,50,350
Lejanias,Meta,0.3864,3054,39,92,0.4403,0.5596,1287,1636,0,No,0.54,50,400
Mapiripan,Meta,0.2311,1247,12,33,0.5798,0.4201,697,505,0,Si,0.74,50,325
Mesetas,Meta,0.4014,3045,30,46,0.6207,0.3792,1843,1126,0,Si,0.71,50,330
Puerto Concordia,Meta,0.3774,2264,31,61,0.5515,0.4484,1198,974,0,Si,0.47,50,450
Puerto Gaitan,Meta,0.3954,8892,254,188,0.3328,0.6671,2813,5637,0,No,0.59,50,568
Puerto Lleras,Meta,0.3649,2313,24,41,0.4435,0.5564,997,1251,0,No,0.58,50,577
Puerto Lopez,Meta,0.4096,9355,47,126,0.2792,0.7207,2564,6618,0,No,0.25,50,573
Puerto Rico,Meta,0.3893,3098,23,79,0.4816,0.5183,1443,1553,0,No,0.91,50,590
Restrepo,Meta,0.4087,6104,23,60,0.4092,0.5907,2464,3557,0,No,0.18,50,606
San Carlos De Guaroa,Meta,0.4706,3654,22,59,0.3299,0.67,1179,2394,0,No,0.15,50,680
San Juan De Arama,Meta,0.3821,2292,18,48,0.4779,0.522,1064,1162,0,No,0.66,50,683
San Juanito,Meta,0.4639,586,6,8,0.5402,0.4597,309,263,0,Si,0.12,50,686
San Martin De Los Llanos,Meta,0.4483,7901,47,99,0.2787,0.7212,2162,5593,0,No,0.29,50,689
Uribe,Meta,0.4686,2214,24,14,0.9356,0.0643,2036,140,0,Si,0.77,50,370
Villavicencio,Meta,0.4649,159620,400,1757,0.3596,0.6403,56633,100830,1,No,0.24,50,001
Vista Hermosa,Meta,0.4227,5103,74,126,0.5288,0.4711,2593,2310,0,Si,1.00,50,711
Alban,Nariño,0.4634,2984,65,65,0.4358,0.5641,1244,1610,0,No,0.08,52,019
Aldana,Nariño,0.4614,2656,38,52,0.5058,0.4941,1298,1268,0,Si,0.12,52,022
Ancuya,Nariño,0.329,2381,32,35,0.7273,0.2726,1683,631,0,Si,0.21,52,036
Arboleda,Nariño,0.4402,2511,54,67,0.4828,0.5171,1154,1236,0,No,0.07,52,051
Barbacoas,Nariño,0.209,4361,76,63,0.7482,0.2517,3159,1063,0,Si,1.00,52,079
Belen,Nariño,0.454,2419,35,32,0.6028,0.3971,1418,934,0,Si,0.14,52,083
Buesaco,Nariño,0.3561,6029,85,109,0.5005,0.4994,2921,2914,0,Si,0.15,52,110
Chachagui,Nariño,0.4097,3897,43,50,0.6248,0.3751,2377,1427,0,Si,0.11,52,240
Colon,Nariño,0.424,2807,73,127,0.6033,0.3966,1573,1034,0,Si,0.20,52,203
Consaca,Nariño,0.4167,3541,55,83,0.5786,0.4213,1969,1434,0,Si,0.17,52,207
Contadero,Nariño,0.3584,1987,23,25,0.5342,0.4657,1036,903,0,Si,0.12,52,210
Cordoba,Nariño,0.3527,3564,72,53,0.6216,0.3783,2138,1301,0,Si,0.21,52,215
Cuaspud,Nariño,0.3775,2707,43,37,0.4739,0.526,1245,1382,0,No,0.14,52,224
Cumbal,Nariño,0.3782,8853,131,216,0.6373,0.3626,5421,3085,0,Si,0.27,52,227
Cumbitara,Nariño,0.3969,2462,19,25,0.8763,0.1236,2119,299,0,Si,0.72,52,233
El Charco,Nariño,0.3315,5221,97,60,0.9081,0.0918,4599,465,0,Si,0.69,52,250
El Peñol,Nariño,0.5519,2957,33,58,0.8066,0.1933,2312,554,0,Si,0.17,52,254
El Rosario,Nariño,0.3975,2643,19,42,0.9078,0.0921,2344,238,0,Si,0.49,52,256
El Tablon,Nariño,0.4373,4730,84,109,0.6568,0.3431,2980,1557,0,Si,0.27,52,258
El Tambo,Nariño,0.4661,5246,99,108,0.707,0.2929,3563,1576,0,Si,0.27,52,260
Francisco Pizarro,Nariño,0.2569,1621,15,27,0.8435,0.1564,1332,247,0,Si,0.46,52,520
Funes,Nariño,0.429,2381,38,31,0.6812,0.3187,1575,737,0,Si,0.08,52,287
Guachucal,Nariño,0.3256,4581,54,78,0.5643,0.4356,2511,1938,0,Si,0.19,52,317
Guaitarilla,Nariño,0.2916,3153,51,47,0.7381,0.2618,2255,800,0,Si,0.09,52,320
Gualmatan,Nariño,0.4693,2383,15,32,0.601,0.3989,1404,932,0,Si,0.03,52,323
Iles,Nariño,0.3433,2369,37,45,0.6252,0.3747,1430,857,0,Si,0.05,52,352
Imues,Nariño,0.3371,2129,33,28,0.5589,0.441,1156,912,0,Si,0.10,52,354
Ipiales,Nariño,0.3559,32826,617,503,0.5003,0.4996,15864,15842,0,Si,0.31,52,356
La Cruz,Nariño,0.4192,5690,105,87,0.5176,0.4823,2846,2652,0,Si,0.22,52,378
La Florida,Nariño,0.3605,3227,48,39,0.7299,0.27,2292,848,0,Si,0.18,52,381
La Llanada,Nariño,0.4413,1490,36,58,0.7134,0.2865,996,400,0,Si,0.48,52,385
La Tola,Nariño,0.3953,1975,8,23,0.8796,0.1203,1710,234,0,Si,0.39,52,390
La Union,Nariño,0.3592,7736,125,164,0.4297,0.5702,3200,4247,0,No,0.21,52,399
Leiva,Nariño,0.4098,2973,47,44,0.9038,0.0961,2605,277,0,Si,0.49,52,405
Linares,Nariño,0.428,3632,69,64,0.8708,0.1291,3047,452,0,Si,0.41,52,411
Los Andes,Nariño,0.4597,3279,70,60,0.7704,0.2295,2426,723,0,Si,0.48,52,418
Magui,Nariño,0.3767,2344,24,34,0.9313,0.0686,2129,157,0,Si,0.61,52,427
Mallama,Nariño,0.317,1897,30,38,0.6309,0.369,1154,675,0,Si,0.47,52,435
Mosquera,Nariño,0.3788,2234,13,22,0.8981,0.1018,1975,224,0,Si,0.34,52,473
Nariño,Nariño,0.406,1673,15,21,0.6035,0.3964,988,649,0,Si,0.12,52,480
Olaya Herrera,Nariño,0.2412,3274,34,36,0.8214,0.1785,2632,572,0,Si,0.55,52,490
Ospina,Nariño,0.3181,1803,38,26,0.6336,0.3663,1102,637,0,Si,0.04,52,506
Pasto,Nariño,0.4086,114341,501,1505,0.6262,0.3737,70354,41981,1,Si,0.16,52,001
Policarpa,Nariño,0.4463,4257,55,51,0.8889,0.111,3690,461,0,Si,0.87,52,540
Potosi,Nariño,0.3724,3510,48,63,0.4677,0.5322,1590,1809,0,No,0.13,52,560
Providencia,Nariño,0.4437,1890,50,26,0.8743,0.1256,1586,228,0,Si,0.24,52,565
Puerres,Nariño,0.4442,3292,34,70,0.6872,0.3127,2191,997,0,Si,0.23,52,573
Pupiales,Nariño,0.4132,6033,63,140,0.4837,0.5162,2820,3010,0,No,0.10,52,585
Ricaurte,Nariño,0.2248,3048,79,48,0.6665,0.3334,1947,974,0,Si,0.91,52,612
Roberto Payan,Nariño,0.2826,2365,10,22,0.9151,0.0848,2135,198,0,Si,0.82,52,621
Samaniego,Nariño,0.3914,8666,69,166,0.8388,0.1611,7072,1359,0,Si,0.63,52,678
San Bernardo,Nariño,0.5222,3171,57,50,0.6174,0.3825,1892,1172,0,Si,0.87,52,685
San Lorenzo,Nariño,0.3742,4779,98,158,0.6217,0.3782,2812,1711,0,Si,0.09,52,687
San Pablo,Nariño,0.3321,3759,92,93,0.6583,0.3416,2353,1221,0,Si,0.14,52,693
San Pedro De Cartago,Nariño,0.4103,2148,49,52,0.5168,0.4831,1058,989,0,Si,0.23,52,694
Sandona,Nariño,0.4258,6773,107,112,0.642,0.3579,4208,2346,0,Si,0.10,52,683
Santa Barbara,Nariño,0.3531,2471,12,24,0.9154,0.0845,2229,206,0,Si,0.21,52,696
Santacruz,Nariño,0.2773,1907,54,39,0.7171,0.2828,1301,513,0,Si,0.63,52,699
Sapuyes,Nariño,0.3299,1857,21,32,0.6036,0.3963,1089,715,0,Si,0.52,52,720
Taminango,Nariño,0.3692,5014,100,94,0.7867,0.2132,3792,1028,0,Si,0.08,52,786
Tangua,Nariño,0.3237,3198,26,46,0.5307,0.4692,1659,1467,0,Si,0.21,52,788
Tumaco,Nariño,0.2813,34266,503,709,0.7119,0.288,23534,9520,0,Si,0.13,52,835
Tuquerres,Nariño,0.3027,10320,147,268,0.6445,0.3554,6384,3521,0,Si,0.30,52,838
Yacuanquer,Nariño,0.4121,3352,61,88,0.6771,0.3228,2169,1034,0,Si,0.09,52,885
Abrego,Norte De Santander,0.3017,6377,56,77,0.3355,0.6644,2095,4149,0,No,0.20,54,003
Arboledas,Norte De Santander,0.4535,3096,53,58,0.3038,0.6961,907,2078,0,No,0.13,54,051
Bochalema,Norte De Santander,0.4864,2941,25,50,0.3768,0.6231,1080,1786,0,No,0.10,54,099
Bucarisca,Norte De Santander,0.3646,1498,30,70,0.2954,0.7045,413,985,0,No,0.23,54,109
Cachira,Norte De Santander,0.3785,2634,15,28,0.2049,0.795,531,2060,0,No,0.24,54,128
Cacota,Norte De Santander,0.4049,873,4,24,0.4887,0.5112,413,432,0,No,0.06,54,125
Chinacota,Norte De Santander,0.4772,5453,29,90,0.3717,0.6282,1983,3351,0,No,0.16,54,172
Chitaga,Norte De Santander,0.3845,2908,45,78,0.3791,0.6208,1056,1729,0,No,0.14,54,174
Convencion,Norte De Santander,0.2517,3732,83,137,0.5982,0.4017,2101,1411,0,Si,0.83,54,206
Cucuta,Norte De Santander,0.4527,245727,1325,3088,0.3463,0.6536,83572,157742,1,No,0.18,54,001
Cucutilla,Norte De Santander,0.4764,2939,79,72,0.3364,0.6635,938,1850,0,No,0.08,54,223
Durania,Norte De Santander,0.4517,1933,13,32,0.5312,0.4687,1003,885,0,Si,0.18,54,239
El Carmen,Norte De Santander,0.3049,3059,38,118,0.5218,0.4781,1515,1388,0,Si,0.54,54,245
El Tarra,Norte De Santander,0.2885,3222,41,92,0.9151,0.0848,2827,262,0,Si,1.00,54,250
El Zulia,Norte De Santander,0.3972,8042,67,181,0.3554,0.6445,2770,5024,0,No,0.29,54,261
Gramalote,Norte De Santander,0.4012,1946,23,38,0.3352,0.6647,632,1253,0,No,0.11,54,313
Hacari,Norte De Santander,0.2662,1839,34,59,0.8946,0.1053,1562,184,0,Si,0.59,54,344
Herran,Norte De Santander,0.3335,1192,18,28,0.3289,0.671,377,769,0,No,0.06,54,347
La Esperanza,Norte De Santander,0.369,3060,43,55,0.3446,0.6553,1021,1941,0,No,0.29,54,385
La Playa,Norte De Santander,0.2375,1574,32,39,0.4883,0.5116,734,769,0,No,0.27,54,398
Labateca,Norte De Santander,0.3484,1709,18,32,0.5286,0.4713,877,782,0,Si,0.13,54,377
Los Patios,Norte De Santander,0.3688,28831,58,293,0.2804,0.7195,7986,20494,0,No,0.11,54,405
Lourdes,Norte De Santander,0.4041,1299,25,53,0.2596,0.7403,317,904,0,No,0.07,54,418
Mutiscua,Norte De Santander,0.4256,1134,9,21,0.4519,0.548,499,605,0,No,0.04,54,480
Ocaña,Norte De Santander,0.3678,27977,126,378,0.3914,0.6085,10753,16720,0,No,0.22,54,498
Pamplona,Norte De Santander,0.4403,18963,85,293,0.35,0.6499,6506,12079,0,No,0.08,54,518
Pamplonita,Norte De Santander,0.4852,1842,41,46,0.3287,0.6712,577,1178,0,No,0.06,54,520
Puerto Santander,Norte De Santander,0.1704,2236,10,28,0.2688,0.7311,591,1607,0,No,0.27,54,553
Ragonvalia,Norte De Santander,0.2683,1728,17,23,0.25,0.75,422,1266,0,No,0.11,54,599
Salazar,Norte De Santander,0.4215,3156,47,106,0.3243,0.6756,974,2029,0,No,0.16,54,660
San Calixto,Norte De Santander,0.3735,2607,25,68,0.9518,0.0481,2393,121,0,Si,0.78,54,670
San Cayetano,Norte De Santander,0.3243,2244,8,33,0.315,0.6849,694,1509,0,No,0.18,54,673
Santiago,Norte De Santander,0.4406,1459,8,30,0.4517,0.5482,642,779,0,No,0.19,54,680
Sardinata,Norte De Santander,0.3465,5913,78,119,0.3483,0.6516,1991,3725,0,No,0.76,54,720
Silos,Norte De Santander,0.3508,1392,15,18,0.1905,0.8094,259,1100,0,No,0.06,54,743
Teorama,Norte De Santander,0.3036,2953,45,99,0.8647,0.1352,2429,380,0,Si,0.88,54,800
Tibu,Norte De Santander,0.2942,9182,99,228,0.6603,0.3396,5847,3008,0,Si,0.85,54,810
Toledo,Norte De Santander,0.3583,4310,61,135,0.3186,0.6813,1311,2803,0,No,0.25,54,820
Villa Caro,Norte De Santander,0.3383,1261,21,23,0.244,0.7559,297,920,0,No,0.08,54,871
Villa Del Rosario,Norte De Santander,0.338,26839,78,275,0.2401,0.7598,6360,20126,0,No,0.18,54,874
Colon,Putumayo,0.4505,1912,17,19,0.5714,0.4285,1072,804,0,Si,0.23,86,219
Mocoa,Putumayo,0.3707,13066,84,159,0.6018,0.3981,7718,5105,1,Si,0.40,86,001
Orito,Putumayo,0.3171,8226,86,155,0.772,0.2279,6165,1820,0,Si,0.69,86,320
Puerto Asis,Putumayo,0.2673,11158,145,207,0.5799,0.42,6267,4539,0,Si,0.96,86,568
Puerto Caicedo,Putumayo,0.3225,2878,50,79,0.7082,0.2917,1947,802,0,Si,0.78,86,569
Puerto Guzman,Putumayo,0.2941,3106,41,57,0.7234,0.2765,2176,832,0,Si,0.76,86,571
Puerto Leguizamo,Putumayo,0.2628,3794,29,39,0.545,0.4549,2031,1695,0,Si,0.79,86,573
San Francisco,Putumayo,0.4242,1998,35,45,0.5573,0.4426,1069,849,0,Si,0.17,86,755
San Miguel,Putumayo,0.296,3487,56,56,0.8343,0.1656,2816,559,0,Si,0.90,86,757
Santiago,Putumayo,0.3912,2320,32,48,0.6066,0.3933,1359,881,0,Si,0.13,86,760
Sibundoy,Putumayo,0.4301,4434,75,77,0.5836,0.4163,2499,1783,0,Si,0.17,86,749
Valle Del Guamuez,Putumayo,0.3416,7917,78,105,0.8604,0.1395,6655,1079,0,Si,0.75,86,865
Villagarzon,Putumayo,0.3672,5794,54,114,0.5099,0.49,2869,2757,0,Si,0.69,86,885
Armenia,Quindio,0.4236,105002,913,1205,0.426,0.5739,43835,59049,1,No,0.11,63,001
Buenavista,Quindio,0.3598,1028,6,17,0.4388,0.5611,441,564,0,No,0.11,63,111
Calarca,Quindio,0.411,23963,262,377,0.3758,0.6241,8767,14557,0,No,0.19,63,130
Circasia,Quindio,0.4267,9364,53,131,0.3641,0.6358,3343,5837,0,No,0.08,63,190
Cordoba,Quindio,0.385,1960,25,35,0.4589,0.541,872,1028,0,No,0.22,63,212
Filandia,Quindio,0.4114,4256,39,68,0.3668,0.6331,1522,2627,0,No,0.10,63,272
Genova,Quindio,0.3805,2810,29,55,0.362,0.6379,987,1739,0,No,0.24,63,302
La Tebaida,Quindio,0.4056,11156,98,204,0.3714,0.6285,4032,6822,0,No,0.11,63,401
Montenegro,Quindio,0.3586,11873,108,227,0.2945,0.7054,3398,8140,0,No,0.12,63,470
Pijao,Quindio,0.396,2385,13,34,0.3485,0.6514,815,1523,0,No,0.32,63,548
Quimbaya,Quindio,0.4044,12049,211,154,0.3875,0.6124,4528,7156,0,No,0.09,63,594
Salento,Quindio,0.4474,2578,27,32,0.3386,0.6613,853,1666,0,No,0.17,63,690
Apia,Risaralda,0.3623,3800,47,84,0.3447,0.6552,1265,2404,0,No,0.18,66,045
Balboa,Risaralda,0.3651,2032,23,44,0.4534,0.4565,891,1074,0,No,0.16,66,075
Belen De Umbria,Risaralda,0.3323,7133,73,143,0.3815,0.6184,2639,4278,0,No,0.07,66,088
Dosquebradas,Risaralda,0.438,67458,364,1044,0.4247,0.5752,28055,37995,0,No,0.08,66,170
Guatica,Risaralda,0.3666,3795,45,67,0.3366,0.6633,1240,2443,0,No,0.11,66,318
La Celia,Risaralda,0.378,2457,33,59,0.3818,0.6181,903,1462,0,No,0.11,66,383
La Virginia,Risaralda,0.3952,12411,120,210,0.4016,0.5983,4852,7229,0,No,0.10,66,400
Marsella,Risaralda,0.36,5602,88,97,0.3815,0.6184,2067,3350,0,No,0.07,66,440
Mistrato,Risaralda,0.3393,3765,58,65,0.5288,0.4711,1926,1716,0,Si,0.30,66,456
Pereira,Risaralda,0.4216,165775,836,2278,0.4614,0.5385,75063,87598,1,No,0.14,66,001
Pueblo Rico,Risaralda,0.3083,2851,76,47,0.6304,0.3695,1720,1008,0,Si,0.47,66,572
Quinchia,Risaralda,0.4198,8321,184,259,0.526,0.4739,4144,3734,0,Si,0.16,66,594
Santa Rosa De Cabal,Risaralda,0.4293,25498,184,518,0.402,0.5979,9970,14826,0,No,0.06,66,682
Santuario,Risaralda,0.3079,3775,70,119,0.4107,0.5892,1473,2113,0,No,0.17,66,687
Providencia,San Andres,0.3012,1210,16,4,0.8184,0.1815,974,216,0,Si,0.08,88,564
San Andres,San Andres,0.193,8466,36,32,0.5121,0.4878,4301,4097,1,Si,0.10,88,001
Aguada,Santander,0.2368,361,8,6,0.4755,0.5244,165,182,0,No,0.02,68,013
Albania,Santander,0.3647,1200,21,15,0.5635,0.4364,656,508,0,Si,0.05,68,020
Aratoca,Santander,0.4137,2680,50,51,0.5149,0.485,1328,1251,0,Si,0.06,68,051
Barbosa,Santander,0.3798,9191,64,162,0.4922,0.5077,4413,4552,0,No,0.10,68,077
Barichara,Santander,0.4165,2608,20,51,0.5723,0.4276,1452,1085,0,Si,0.03,68,079
Barrancabermeja,Santander,0.4609,77255,402,1153,0.5054,0.4945,38260,37440,0,Si,0.23,68,081
Betulia,Santander,0.3767,1503,11,39,0.4267,0.5732,620,833,0,No,0.07,68,092
Bolivar,Santander,0.3435,2845,76,98,0.5241,0.4758,1400,1271,0,Si,0.33,68,101
Bucaramanga,Santander,0.4556,225567,457,1982,0.4488,0.5511,100143,122985,1,No,0.11,68,001
Cabrera,Santander,0.4227,695,7,10,0.6578,0.3421,446,232,0,Si,0.05,68,121
California,Santander,0.4224,708,5,19,0.2222,0.7777,152,532,0,No,0.06,68,132
Capitanejo,Santander,0.3778,1840,33,32,0.3785,0.6214,672,1103,0,No,0.02,68,147
Carcasi,Santander,0.4515,1651,23,61,0.3248,0.6751,509,1058,0,No,0.04,68,152
Cepita,Santander,0.5324,943,16,25,0.6474,0.3525,584,318,0,Si,0.05,68,160
Cerrito,Santander,0.4532,2177,37,82,0.4611,0.5388,949,1109,0,No,0.10,68,162
Charala,Santander,0.3737,3582,28,53,0.6135,0.3864,2148,1353,0,Si,0.06,68,167
Charta,Santander,0.416,1339,8,18,0.2833,0.7166,372,941,0,No,0.09,68,169
Chima,Santander,0.3905,913,25,31,0.6511,0.3488,558,299,0,Si,0.19,68,176
Chipata,Santander,0.2387,989,17,12,0.7156,0.2843,687,273,0,Si,0.02,68,179
Cimitarra,Santander,0.3391,9548,79,271,0.4042,0.5957,3718,5480,0,No,0.20,68,190
Concepcion,Santander,0.385,1884,165,62,0.3874,0.6125,642,1015,0,No,0.05,68,207
Confines,Santander,0.3683,865,6,14,0.3798,0.6201,321,524,0,No,0.04,68,209
Contratacion,Santander,0.4695,1371,25,30,0.579,0.4209,762,554,0,Si,0.07,68,211
Coromoro,Santander,0.3849,1594,41,67,0.5349,0.465,795,691,0,Si,0.11,68,217
Curiti,Santander,0.411,3378,35,76,0.467,0.5329,1526,1741,0,No,0.04,68,229
El Carmen,Santander,0.416,4458,44,162,0.2676,0.7323,1138,3114,0,No,0.15,68,235
El Guacamayo,Santander,0.5113,813,17,23,0.6972,0.3027,539,234,0,Si,0.05,68,245
El Peñon,Santander,0.3977,1328,32,45,0.4956,0.5043,620,631,0,No,0.38,68,250
El Playon,Santander,0.3773,4361,59,104,0.2756,0.7243,1157,3041,0,No,0.15,68,255
Encino,Santander,0.3259,692,17,26,0.624,0.3759,405,244,0,Si,0.09,68,264
Enciso,Santander,0.4116,1345,18,30,0.4587,0.5412,595,702,0,No,0.02,68,266
Florian,Santander,0.3301,1703,16,22,0.6696,0.3303,1115,550,0,Si,0.16,68,271
Floridablanca,Santander,0.4914,87866,167,870,0.4167,0.5832,36189,50640,0,No,0.05,68,276
Galan,Santander,0.4266,1082,14,31,0.4185,0.5814,434,603,0,No,0.12,68,296
Gambita,Santander,0.3504,1135,16,19,0.5481,0.4518,603,497,0,Si,0.04,68,298
Giron,Santander,0.4336,45814,114,549,0.3787,0.6212,17099,28052,0,No,0.08,68,307
Guaca,Santander,0.3992,2052,33,38,0.3866,0.6133,766,1215,0,No,0.07,68,318
Guadalupe,Santander,0.3615,1567,22,30,0.4006,0.5993,607,908,0,No,0.05,68,320
Guapota,Santander,0.422,774,9,27,0.5162,0.4837,381,357,0,Si,0.02,68,322
Guavata,Santander,0.3008,1345,14,28,0.6201,0.3798,808,495,0,Si,0.10,68,324
Guepsa,Santander,0.3503,1462,9,20,0.6175,0.3824,885,548,0,Si,0.10,68,327
Hato,Santander,0.4476,817,24,19,0.5994,0.4005,464,310,0,Si,0.07,68,344
Jesus Maria,Santander,0.3248,1055,16,19,0.6323,0.3676,645,375,0,Si,0.09,68,368
Jordan,Santander,0.3604,399,11,3,0.5038,0.4961,194,191,0,Si,0.07,68,370
La Belleza,Santander,0.4203,2250,17,28,0.336,0.6639,741,1464,0,No,0.22,68,377
La Paz,Santander,0.294,1217,17,29,0.5815,0.4184,681,490,0,Si,0.05,68,397
Landazuri,Santander,0.3265,3055,62,173,0.5262,0.4737,1484,1336,0,Si,0.27,68,385
Lebrija,Santander,0.4367,12831,61,175,0.3062,0.6937,3857,8738,0,No,0.11,68,406
Los Santos,Santander,0.4817,4109,35,166,0.4204,0.5795,1643,2265,0,No,0.05,68,418
Macaravita,Santander,0.3743,840,16,21,0.5678,0.4321,456,347,0,Si,0.03,68,425
Malaga,Santander,0.4367,6841,39,178,0.3831,0.6168,2538,4086,0,No,0.04,68,432
Matanza,Santander,0.4648,2256,17,39,0.3936,0.6063,866,1334,0,No,0.11,68,444
Mogotes,Santander,0.3799,2854,60,128,0.4369,0.563,1165,1501,0,No,0.08,68,464
Molagavita,Santander,0.3989,1433,34,38,0.3901,0.6098,531,830,0,No,0.05,68,468
Ocamonte,Santander,0.4426,1670,17,35,0.6977,0.3022,1129,489,0,Si,0.03,68,498
Oiba,Santander,0.4239,3582,29,79,0.4441,0.5558,1543,1931,0,No,0.05,68,500
Onzaga,Santander,0.3362,1276,47,41,0.5336,0.4663,634,554,0,Si,0.11,68,502
Palmar,Santander,0.439,594,8,6,0.6844,0.3155,397,183,0,Si,0.05,68,522
Palmas Del Socorro,Santander,0.4129,1013,11,20,0.5356,0.4643,526,456,0,Si,0.02,68,524
Paramo,Santander,0.4954,1586,8,33,0.5119,0.488,791,754,0,Si,0.04,68,533
Piedecuesta,Santander,0.4881,49041,340,739,0.3991,0.6008,19145,28817,0,No,0.08,68,547
Pinchote,Santander,0.4265,1357,13,25,0.5625,0.4374,742,577,0,Si,0.01,68,549
Puente Nacional,Santander,0.3462,4456,35,72,0.573,0.4269,2492,1857,0,Si,0.03,68,572
Puerto Parra,Santander,0.2853,1545,15,17,0.3218,0.6781,487,1026,0,No,0.16,68,573
Puerto Wilches,Santander,0.377,8619,42,162,0.4869,0.513,4098,4317,0,No,0.22,68,575
Rionegro,Santander,0.3758,8296,95,179,0.3334,0.6665,2675,5347,0,No,0.16,68,615
Sabana De Torres,Santander,0.3846,7916,59,124,0.3085,0.6914,2386,5347,0,No,0.35,68,655
San Andres,Santander,0.4354,3085,52,79,0.5558,0.4441,1642,1321,0,Si,0.04,68,669
San Benito,Santander,0.2944,880,9,8,0.6767,0.3232,584,279,0,Si,0.06,68,673
San Gil,Santander,0.4356,17462,215,257,0.5046,0.4953,8574,8416,0,Si,0.03,68,679
San Joaquin,Santander,0.333,739,21,25,0.619,0.3809,429,264,0,Si,0.04,68,682
San Jose De Miranda,Santander,0.4641,1818,28,25,0.3274,0.6725,578,1187,0,No,0.07,68,684
San Miguel,Santander,0.3817,825,22,24,0.543,0.4569,423,356,0,Si,0.08,68,686
San Vicente De Chucuri,Santander,0.3735,9173,80,252,0.4076,0.5923,3604,5237,0,No,0.18,68,689
Santa Barbara,Santander,0.3679,734,11,15,0.3601,0.6398,255,453,0,No,0.08,68,705
Santa Helena Del Opon,Santander,0.3589,1113,19,65,0.3848,0.6151,396,633,0,No,0.15,68,720
Simacota,Santander,0.3882,2290,17,66,0.5604,0.4395,1237,970,0,Si,0.21,68,745
Socorro,Santander,0.4019,9556,36,123,0.4627,0.5372,4348,5049,0,No,0.04,68,755
Suaita,Santander,0.3243,2678,29,65,0.5398,0.4601,1395,1189,0,Si,0.03,68,770
Sucre,Santander,0.3183,1858,28,28,0.3873,0.6126,698,1104,0,No,0.21,68,773
Surata,Santander,0.4452,1343,20,40,0.3725,0.6274,478,805,0,No,0.14,68,780
Tona,Santander,0.4119,2039,16,66,0.4128,0.5871,808,1149,0,No,0.10,68,820
Valle De San Jose,Santander,0.4101,1902,18,45,0.5084,0.4915,935,904,0,Si,0.05,68,855
Velez,Santander,0.3768,6193,37,160,0.5426,0.4573,3254,2742,0,Si,0.06,68,861
Vetas,Santander,0.3956,580,2,10,0.1619,0.838,92,476,0,No,0.05,68,867
Villanueva,Santander,0.377,2389,16,34,0.3899,0.61,912,1427,0,No,0.04,68,872
Zapatoca,Santander,0.3556,2620,22,51,0.3863,0.6136,984,1563,0,No,0.06,68,895
Buenavista,Sucre,0.3378,3250,48,22,0.6877,0.3122,2187,993,0,Si,0.13,70,110
Caimito,Sucre,0.3213,2814,41,24,0.7733,0.2266,2126,623,0,Si,0.06,70,124
Chalan,Sucre,0.3166,1394,40,19,0.6509,0.349,869,466,0,Si,0.19,70,230
Coloso,Sucre,0.3514,2374,27,26,0.7014,0.2985,1628,693,0,Si,0.22,70,204
Corozal,Sucre,0.3967,18206,120,206,0.61,0.3899,10907,6973,0,Si,0.12,70,215
Coveñas,Sucre,0.3569,3898,24,41,0.5003,0.4996,1918,1915,0,Si,0.16,70,221
El Roble,Sucre,0.3784,2912,19,22,0.7795,0.2204,2238,633,0,Si,0.15,70,233
Galeras,Sucre,0.3381,5332,61,51,0.4178,0.5821,2181,3039,0,No,0.18,70,235
Guaranda,Sucre,0.2801,3584,24,48,0.5156,0.4843,1811,1701,0,Si,0.12,70,265
La Union,Sucre,0.317,2983,37,18,0.7954,0.2045,2329,599,0,Si,0.07,70,400
Los Palmitos,Sucre,0.4355,7661,65,66,0.7674,0.2325,5779,1751,0,Si,0.15,70,418
Majagual,Sucre,0.2657,6929,85,52,0.5793,0.4206,3935,2857,0,Si,0.09,70,429
Morroa,Sucre,0.4075,5222,46,101,0.6545,0.3454,3322,1753,0,Si,0.19,70,473
Ovejas,Sucre,0.3709,7470,65,58,0.7251,0.2748,5328,2019,0,Si,0.27,70,508
Palmito,Sucre,0.352,3394,31,29,0.6967,0.3032,2323,1011,0,Si,0.17,70,523
Sampues,Sucre,0.3779,11708,126,170,0.5972,0.4027,6816,4596,0,Si,0.15,70,670
San Benito Abad,Sucre,0.2964,5485,62,46,0.6434,0.3565,3460,1917,0,Si,0.17,70,678
San Juan De Betulia,Sucre,0.4039,4534,28,39,0.713,0.2869,3185,1282,0,Si,0.14,70,702
San Marcos,Sucre,0.2662,11381,122,165,0.6361,0.3638,7058,4036,0,Si,0.11,70,708
San Onofre,Sucre,0.2553,10458,117,121,0.7801,0.2198,7973,2247,0,Si,0.14,70,713
San Pedro,Sucre,0.362,5895,62,38,0.6486,0.3513,3759,2036,0,Si,0.21,70,717
Since,Sucre,0.3579,9157,82,112,0.6102,0.3897,5470,3493,0,Si,0.14,70,742
Sincelejo,Sucre,0.3593,70389,722,771,0.5437,0.4562,37461,31435,1,Si,0.16,70,001
Sucre,Sucre,0.274,5670,59,52,0.5576,0.4423,3100,2459,0,Si,0.16,70,771
Tolu,Sucre,0.3449,7870,54,89,0.7023,0.2976,5427,2300,0,Si,0.12,70,820
Toluviejo,Sucre,0.4168,7424,74,63,0.7173,0.2826,5227,2060,0,Si,0.19,70,823
Alpujarra,Tolima,0.4072,1517,14,46,0.3102,0.6897,452,1005,0,No,0.17,73,024
Alvarado,Tolima,0.3309,2787,24,36,0.4811,0.5188,1312,1415,0,No,0.18,73,026
Ambalema,Tolima,0.3471,2403,14,47,0.5192,0.4807,1216,1126,0,Si,0.08,73,030
Anzoategui,Tolima,0.3165,2362,51,42,0.3054,0.6945,693,1576,0,No,0.26,73,043
Armero,Tolima,0.3507,3568,30,68,0.517,0.4829,1794,1676,0,Si,0.13,73,055
Ataco,Tolima,0.3511,5252,75,68,0.3245,0.6754,1658,3451,0,No,0.41,73,067
Cajamarca,Tolima,0.3734,6046,54,85,0.3086,0.6913,1823,4084,0,No,0.29,73,124
Carmen De Apicala,Tolima,0.4147,3506,12,34,0.352,0.6479,1218,2242,0,No,0.04,73,148
Casabianca,Tolima,0.3898,1926,29,22,0.4917,0.5082,922,953,0,No,0.23,73,152
Chaparral,Tolima,0.3284,12516,174,172,0.4499,0.55,5476,6694,0,No,0.57,73,168
Coello,Tolima,0.3503,2701,22,34,0.5625,0.4374,1488,1157,0,Si,0.07,73,200
Coyaima,Tolima,0.3306,5685,119,81,0.6206,0.3793,3404,2081,0,Si,0.28,73,217
Cunday,Tolima,0.3673,2648,26,31,0.4148,0.5851,1075,1516,0,No,0.22,73,226
Dolores,Tolima,0.41,2759,35,52,0.415,0.5849,1109,1563,0,No,0.41,73,236
Espinal,Tolima,0.4032,23446,111,324,0.3645,0.6354,8388,14623,0,No,0.10,73,268
Falan,Tolima,0.391,2230,36,52,0.5354,0.4645,1147,995,0,Si,0.10,73,270
Flandes,Tolima,0.3892,6693,38,88,0.3613,0.6386,2373,4194,0,No,0.05,73,275
Fresno,Tolima,0.3281,8566,100,183,0.3309,0.669,2741,5542,0,No,0.14,73,283
Guamo,Tolima,0.3498,9014,75,114,0.3447,0.6552,3042,5783,0,No,0.08,73,319
Herveo,Tolima,0.3262,1932,40,40,0.3909,0.609,724,1128,0,No,0.23,73,347
Honda,Tolima,0.3712,8549,62,150,0.4256,0.5743,3549,4788,0,No,0.13,73,349
Ibague,Tolima,0.4649,182499,656,2184,0.3939,0.606,70780,108879,1,No,0.20,73,001
Icononzo,Tolima,0.3468,2912,30,49,0.5287,0.4712,1498,1335,0,Si,0.24,73,352
Lerida,Tolima,0.371,5665,28,77,0.4942,0.5057,2748,2812,0,No,0.14,73,408
Libano,Tolima,0.3273,10767,145,226,0.4961,0.5038,5158,5238,0,No,0.20,73,411
Mariquita,Tolima,0.3867,11144,80,217,0.4213,0.5786,4570,6277,0,No,0.07,73,443
Melgar,Tolima,0.3971,10942,47,130,0.2881,0.7118,3102,7663,0,No,0.20,73,449
Murillo,Tolima,0.309,1169,14,56,0.3721,0.6278,409,690,0,No,0.24,73,461
Natagaima,Tolima,0.3516,5420,41,78,0.5602,0.4397,2970,2331,0,Si,0.27,73,483
Ortega,Tolima,0.3584,8505,159,227,0.3999,0.6,3247,4872,0,No,0.16,73,504
Palocabildo,Tolima,0.3331,2488,24,49,0.4153,0.5846,1003,1412,0,No,0.04,73,520
Piedras,Tolima,0.3653,1968,10,25,0.5038,0.4961,974,959,0,Si,0.63,73,547
Planadas,Tolima,0.3155,6205,108,198,0.4777,0.5222,2818,3081,0,No,0.21,73,555
Prado,Tolima,0.378,2999,36,43,0.3839,0.616,1121,1799,0,No,0.09,73,563
Purificacion,Tolima,0.4131,8339,50,105,0.4942,0.5057,4045,4139,0,No,0.53,73,585
Rioblanco,Tolima,0.298,4778,133,119,0.488,0.5119,2209,2317,0,No,0.36,73,616
Roncesvalles,Tolima,0.375,1566,22,48,0.5133,0.4866,768,728,0,Si,0.45,73,622
Rovira,Tolima,0.3215,6272,57,152,0.2929,0.707,1776,4287,0,No,0.12,73,624
Saldaña,Tolima,0.3617,4492,22,53,0.3312,0.6687,1463,2954,0,No,0.46,73,671
San Antonio,Tolima,0.4038,4044,83,94,0.2836,0.7163,1097,2770,0,No,0.16,73,675
San Luis,Tolima,0.4021,4344,54,57,0.3869,0.613,1638,2595,0,No,0.16,73,678
Santa Isabel,Tolima,0.3086,1791,19,31,0.2785,0.7214,485,1256,0,No,0.23,73,686
Suarez,Tolima,0.4133,1813,3,15,0.3899,0.61,700,1095,0,No,0.09,73,770
Valle De San Juan,Tolima,0.3035,1500,12,26,0.4603,0.5396,673,789,0,No,0.16,73,854
Venadillo,Tolima,0.3829,4488,29,52,0.4377,0.5622,1929,2478,0,No,0.16,73,861
Villahermosa,Tolima,0.3368,2419,43,39,0.2588,0.7411,605,1732,0,No,0.24,73,870
Villarrica,Tolima,0.3445,1793,10,42,0.3854,0.6145,671,1070,0,No,0.20,73,873
Alcala,Valle,0.3395,3800,41,69,0.4888,0.5111,1804,1886,0,No,0.09,76,020
Andalucia,Valle,0.3511,6865,40,101,0.5212,0.4787,3505,3219,0,Si,0.12,76,036
Ansermanuevo,Valle,0.2805,5405,49,80,0.3159,0.684,1667,3609,0,No,0.11,76,041
Argelia,Valle,0.3042,1955,19,30,0.4842,0.5157,923,983,0,No,0.22,76,054
Bolivar,Valle,0.3707,4964,65,75,0.428,0.5719,2065,2759,0,No,0.27,76,100
Buenaventura,Valle,0.2846,62389,629,1525,0.7066,0.2933,42565,17670,0,Si,0.50,76,109
Buga,Valle,0.4224,42281,202,551,0.5046,0.4953,20956,20572,0,Si,0.32,76,111
Bugalagrande,Valle,0.3733,7101,54,136,0.5754,0.4245,3977,2934,0,Si,0.12,76,113
Caicedonia,Valle,0.3644,10321,143,186,0.3889,0.611,3886,6106,0,No,0.19,76,122
Cali,Valle,0.364,596245,2298,4496,0.5427,0.4572,319949,269502,1,Si,0.27,76,001
Calima,Valle,0.3382,4705,41,77,0.4879,0.512,2238,2349,0,No,0.08,76,126
Candelaria,Valle,0.3501,23999,136,440,0.4652,0.5347,10898,12525,0,No,0.08,76,130
Cartago,Valle,0.3553,39722,222,554,0.3811,0.6188,14845,24101,0,No,0.32,76,147
Dagua,Valle,0.3072,10754,80,150,0.4433,0.5566,4666,5858,0,No,0.15,76,233
El Aguila,Valle,0.3563,2896,20,56,0.3088,0.6911,871,1949,0,No,0.23,76,243
El Cairo,Valle,0.2878,1935,52,32,0.5035,0.4964,932,919,0,Si,0.10,76,246
El Cerrito,Valle,0.3562,18476,101,263,0.5178,0.4821,9380,8732,0,Si,0.27,76,248
El Dovio,Valle,0.3101,3042,32,51,0.3284,0.6715,972,1987,0,No,0.37,76,250
Florida,Valle,0.3755,18826,219,347,0.567,0.4329,10354,7906,0,Si,0.10,76,275
Ginebra,Valle,0.4058,6619,75,99,0.4937,0.5062,3182,3263,0,No,0.16,76,306
Guacari,Valle,0.386,10586,61,184,0.5595,0.4404,5786,4555,0,Si,0.20,76,318
Jamundi,Valle,0.357,34404,161,518,0.5355,0.4644,18060,15665,0,Si,0.22,76,364
La Cumbre,Valle,0.3238,4132,29,44,0.5018,0.4981,2037,2022,0,Si,0.09,76,377
La Union,Valle,0.3937,10429,81,170,0.2743,0.7256,2792,7386,0,No,0.12,76,400
La Victoria,Valle,0.3669,4260,41,55,0.4634,0.5365,1930,2234,0,No,0.12,76,403
Obando,Valle,0.3269,3657,27,81,0.4449,0.555,1579,1970,0,No,0.14,76,497
Palmira,Valle,0.3873,101380,509,1162,0.5443,0.4556,54278,45431,0,Si,0.14,76,520
Pradera,Valle,0.3826,15215,120,258,0.5104,0.4895,7574,7263,0,Si,0.35,76,563
Restrepo,Valle,0.2982,4447,38,58,0.4084,0.5915,1777,2574,0,No,0.18,76,606
Riofrio,Valle,0.3348,5310,44,98,0.4069,0.593,2103,3065,0,No,0.28,76,616
Roldanillo,Valle,0.3946,1174,56,115,0.4208,0.5791,4631,6372,0,No,0.19,76,622
San Pedro,Valle,0.375,5506,34,75,0.5017,0.4982,2708,2689,0,Si,0.26,76,670
Sevilla,Valle,0.3518,13312,157,335,0.5139,0.486,6589,6231,0,Si,0.17,76,736
Toro,Valle,0.3099,3926,44,77,0.3634,0.6365,1383,2422,0,No,0.12,76,823
Trujillo,Valle,0.3419,5401,60,85,0.3729,0.627,1960,3296,0,No,0.26,76,828
Tulua,Valle,0.3948,62052,436,1001,0.4576,0.5423,27738,32877,0,No,0.25,76,834
Ulloa,Valle,0.361,1674,25,28,0.5607,0.4392,909,712,0,Si,0.07,76,845
Versalles,Valle,0.3362,2686,35,38,0.3685,0.6314,963,1650,0,No,0.12,76,863
Vijes,Valle,0.3303,3437,36,35,0.5383,0.4616,1812,1554,0,Si,0.10,76,869
Yotoco,Valle,0.3535,5060,33,61,0.4748,0.5251,2358,2608,0,No,0.12,76,890
Yumbo,Valle,0.3613,34988,171,470,0.5268,0.4731,18095,16252,0,Si,0.12,76,892
Zarzal,Valle,0.3693,13542,67,263,0.5019,0.498,6632,6580,0,Si,0.11,76,895
Buenos Aires,Vaupes,0.1759,190,1,3,0.9139,0.086,170,16,0,Si,0.61,97,511
Caruru,Vaupes,0.2701,465,0,7,0.834,0.1659,382,76,0,Si,0.34,97,161
Mitu,Vaupes,0.2328,3627,20,30,0.7562,0.2437,2705,872,1,Si,0.17,97,001
Morichal,Vaupes,0.1743,19,0,0,0.9473,0.0526,18,1,0,Si,0.14,97,777
Taraira,Vaupes,0.2505,345,36,1,0.7889,0.211,243,65,0,Si,0.13,97,666
Yavarate,Vaupes,0.3053,316,1,0,0.8825,0.1174,278,37,0,Si,0.10,97,889
Cumaribo,Vichada,0.1937,3763,42,52,0.7405,0.2594,2717,952,0,Si,0.69,99,773
La Primavera,Vichada,0.3445,2504,23,33,0.27,0.7299,661,1787,0,No,0.25,99,524
Puerto Carreño,Vichada,0.2764,4820,24,62,0.4615,0.5384,2185,2549,1,No,0.29,99,001
Santa Rosalia,Vichada,0.4261,1284,6,13,0.4553,0.5446,576,689,0,No,0.19,99,624
